"ticker","start_date","end_date","isin_ID","Sector","Enviro_Corr_Sector_Avg","Enviro_Corr","Env_Sector_Sd","Social_Corr_Sector_Avg","Social_Corr","Social_Sector_Sd","Gov_Corr_Sector_Avg","Gov_Corr","Gov_Sector_Sd"
"A US",2020-10-27,2022-11-07,"US00846U1016","Health Care",0.134229303087344,NA,0.508297822310093,0.194442748380857,-0.404856862612253,0.537281976863721,0.0225877011879323,0.17432218153854,0.582779256310135
"AAP US",2021-07-21,2022-11-07,"US00751Y1064","Consumer Discretionary",-0.109068816928555,0.612354822405393,0.531510022562008,0.220277658005794,0.38702646234788,0.469608921405082,-0.0496821076547926,0.092922561044034,0.440398988338778
"ABBV US",2021-07-21,2022-11-07,"US00287Y1091","Health Care",0.134229303087344,0.714653140722062,0.508297822310093,0.194442748380857,0.589802106018939,0.537281976863721,0.0225877011879323,0.254448009953201,0.582779256310135
"ABT US",2021-07-21,2022-11-07,"US0028241000","Health Care",0.134229303087344,0.254595031943197,0.508297822310093,0.194442748380857,0.717967805312467,0.537281976863721,0.0225877011879323,0.636468634261123,0.582779256310135
"ACN US",2020-10-27,2022-11-07,"IE00B4BNMY34","Information Technology",-0.0298681598799467,-0.291829558011694,0.488814354533865,0.165912216552457,-0.738977334187106,0.542327927047337,-0.164723683739357,-0.703471679404297,0.451337081935364
"ADBE US",2021-07-21,2022-11-07,"US00724F1012","Information Technology",-0.0298681598799467,-0.136971190767525,0.488814354533865,0.165912216552457,0.749237791062334,0.542327927047337,-0.164723683739357,0.133020856926726,0.451337081935364
"ADI US",2021-07-21,2022-11-07,"US0326541051","Information Technology",-0.0298681598799467,-0.55346590784194,0.488814354533865,0.165912216552457,0.649624470002999,0.542327927047337,-0.164723683739357,-0.71083292648947,0.451337081935364
"ADM US",2020-10-27,2022-11-07,"US0394831020","Consumer Staples",0.214569636701728,0.338332074559526,0.446393983840053,0.261843712915606,0.822609117704775,0.419791369080568,-0.019985411792594,-0.248977893438924,0.407009184492001
"ADP US",2020-10-27,2022-11-07,"US0530151036","Information Technology",-0.0298681598799467,0.271307124450516,0.488814354533865,0.165912216552457,0.928750490819735,0.542327927047337,-0.164723683739357,-0.218659151971334,0.451337081935364
"AES US",2020-10-27,2022-11-07,"US00130H1059","Utilities",0.503214010762021,0.224192148252156,0.335405737390289,0.270245137998241,0.637505796566445,0.398755628794563,-0.131301244399918,0.243131031031094,0.344477732206012
"AIG US",2021-01-19,2022-11-07,"US0268747849","Financials",0.0929933540100568,0.358979719930786,0.567531132978112,0.130804025369291,-0.463213320805937,0.560762777541612,-0.0336434279022096,-0.342593858087185,0.449293601112833
"AIZ US",2020-10-27,2022-11-07,"US04621X1081","Financials",0.0929933540100568,-0.895938590850797,0.567531132978112,0.130804025369291,0.903008618472704,0.560762777541612,-0.0336434279022096,-0.217459116304866,0.449293601112833
"AJG US",2020-10-27,2022-11-07,"US3635761097","Financials",0.0929933540100568,0.30941869369362,0.567531132978112,0.130804025369291,-0.30941869369362,0.560762777541612,-0.0336434279022096,0.505635011283701,0.449293601112833
"ALGN US",2021-07-21,2022-11-07,"US0162551016","Health Care",0.134229303087344,NA,0.508297822310093,0.194442748380857,-0.814529581331239,0.537281976863721,0.0225877011879323,-0.797024013057956,0.582779256310135
"ALK US",2021-07-21,2022-11-07,"US0116591092","Industrials",0.0775392403960125,-0.382740449063834,0.529828806813477,0.208665362110005,0.897623500539138,0.512644700367829,-0.0317706487562133,-0.881079522055336,0.446247063917655
"ALL US",2021-07-21,2022-11-07,"US0200021014","Financials",0.0929933540100568,-0.805938202767779,0.567531132978112,0.130804025369291,0.920351312160793,0.560762777541612,-0.0336434279022096,-0.220529664668011,0.449293601112833
"AMAT US",2021-07-21,2022-11-07,"US0382221051","Information Technology",-0.0298681598799467,-0.628873575798642,0.488814354533865,0.165912216552457,0.51389853985229,0.542327927047337,-0.164723683739357,-0.295798045627269,0.451337081935364
"AME US",2021-07-21,2022-11-07,"US0311001004","Industrials",0.0775392403960125,0.418681596928186,0.529828806813477,0.208665362110005,-0.444122227268623,0.512644700367829,-0.0317706487562133,0.481957844831989,0.446247063917655
"AMGN US",2021-07-21,2022-11-07,"US0311621009","Health Care",0.134229303087344,-0.734997588976272,0.508297822310093,0.194442748380857,0.810290770143529,0.537281976863721,0.0225877011879323,-0.381479064946369,0.582779256310135
"AMT US",2021-07-21,2022-11-07,"US03027X1000","Real Estate",0.274065804883037,0.749934760822918,0.493441755380086,-0.149229739371511,0.637055049737644,0.542721789503528,-0.319570169356543,0.553683618265936,0.485429974023202
"ANET US",2020-10-27,2022-11-07,"US0404131064","Information Technology",-0.0298681598799467,-0.576020485463307,0.488814354533865,0.165912216552457,-0.576020485463307,0.542327927047337,-0.164723683739357,-0.602255595911558,0.451337081935364
"ANSS US",2021-07-21,2022-11-07,"US03662Q1058","Information Technology",-0.0298681598799467,-0.797514640259684,0.488814354533865,0.165912216552457,0.52937365724001,0.542327927047337,-0.164723683739357,-0.712353331056824,0.451337081935364
"AOS US",2020-10-27,2022-11-07,"US8318652091","Industrials",0.0775392403960125,0.414662418994281,0.529828806813477,0.208665362110005,0.905146564582306,0.512644700367829,-0.0317706487562133,-0.883813140180185,0.446247063917655
"APD US",2021-07-21,2022-11-07,"US0091581068","Materials",0.117145482357978,-0.610247508269023,0.477931100785715,-0.105680324264287,0.691844724629526,0.396412292571032,0.030653856696264,0.503069841143272,0.499508794250546
"APH US",2021-07-21,2022-11-07,"US0320951017","Information Technology",-0.0298681598799467,-0.472314291705897,0.488814354533865,0.165912216552457,0.568071572301915,0.542327927047337,-0.164723683739357,0.355382133112172,0.451337081935364
"APTV US",2021-06-28,2022-11-07,"JE00B783TY65","Consumer Discretionary",-0.109068816928555,-0.582634439067521,0.531510022562008,0.220277658005794,0.622019507252885,0.469608921405082,-0.0496821076547926,-0.680385593210297,0.440398988338778
"ARE US",2021-07-21,2022-11-07,"US0152711091","Real Estate",0.274065804883037,0.790465896849422,0.493441755380086,-0.149229739371511,-0.93013369557613,0.542721789503528,-0.319570169356543,-0.602418330740026,0.485429974023202
"ATO US",2020-10-27,2022-11-07,"US0495601058","Utilities",0.503214010762021,0.836147332030588,0.335405737390289,0.270245137998241,0.416764805940834,0.398755628794563,-0.131301244399918,0.382647556810158,0.344477732206012
"ATVI US",2021-07-21,2022-11-07,"US00507V1098","Communication Services",0.306971197833877,0.685766880018349,0.512842739558761,0.239777278066979,0.604497250940586,0.471312445553149,-0.308826089477367,0.557987602379284,0.367290146652025
"AVGO US",2020-10-27,2022-11-07,"US11135F1012","Information Technology",-0.0298681598799467,0.778613993051071,0.488814354533865,0.165912216552457,-0.824796568550715,0.542327927047337,-0.164723683739357,-0.734772625003396,0.451337081935364
"AVY US",2020-10-27,2022-11-07,"US0536111091","Materials",0.117145482357978,-0.301435847624085,0.477931100785715,-0.105680324264287,-0.254002746875527,0.396412292571032,0.030653856696264,0.673052088967855,0.499508794250546
"AWK US",2021-07-21,2022-11-07,"US0304201033","Utilities",0.503214010762021,0.769760433193274,0.335405737390289,0.270245137998241,0.776806051331519,0.398755628794563,-0.131301244399918,-0.381456382433033,0.344477732206012
"AZO US",2020-10-27,2022-11-07,"US0533321024","Consumer Discretionary",-0.109068816928555,-0.235448382983517,0.531510022562008,0.220277658005794,0.832967333823095,0.469608921405082,-0.0496821076547926,-0.220560419976102,0.440398988338778
"BAC US",2020-10-27,2022-11-07,"US0605051046","Financials",0.0929933540100568,0.616070590557798,0.567531132978112,0.130804025369291,0.240115646893117,0.560762777541612,-0.0336434279022096,0.921332199618748,0.449293601112833
"BAX US",2020-10-27,2022-11-07,"US0718131099","Health Care",0.134229303087344,NA,0.508297822310093,0.194442748380857,0.186219252088907,0.537281976863721,0.0225877011879323,-0.562036145971992,0.582779256310135
"BBY US",2020-10-27,2022-11-07,"US0865161014","Consumer Discretionary",-0.109068816928555,-0.436217791382886,0.531510022562008,0.220277658005794,0.898464524766827,0.469608921405082,-0.0496821076547926,0.555146810909368,0.440398988338778
"BEN US",2020-10-27,2022-11-07,"US3546131018","Financials",0.0929933540100568,-0.635900943121338,0.567531132978112,0.130804025369291,0.563091204823753,0.560762777541612,-0.0336434279022096,0.490379539428031,0.449293601112833
"BF/B US",2020-10-27,2022-11-07,"US1156372096","Consumer Staples",0.214569636701728,-0.460964575089012,0.446393983840053,0.261843712915606,-0.707078745577019,0.419791369080568,-0.019985411792594,0.242127070545901,0.407009184492001
"BIIB US",2020-10-27,2022-11-07,"US09062X1037","Health Care",0.134229303087344,-0.353620537135089,0.508297822310093,0.194442748380857,-0.658785325689916,0.537281976863721,0.0225877011879323,0.29067251770519,0.582779256310135
"BIO US",2020-10-27,2022-11-07,"US0905722072","Health Care",0.134229303087344,-0.628599090934305,0.508297822310093,0.194442748380857,0.687524988735031,0.537281976863721,0.0225877011879323,-0.807930195021775,0.582779256310135
"BKNG US",2020-10-27,2022-11-07,"US09857L1089","Consumer Discretionary",-0.109068816928555,-0.814962711230429,0.531510022562008,0.220277658005794,0.612198220457647,0.469608921405082,-0.0496821076547926,-0.851866387136462,0.440398988338778
"BLK US",2020-10-27,2022-11-07,"US09247X1019","Financials",0.0929933540100568,0.818201476838823,0.567531132978112,0.130804025369291,-0.8125614701,0.560762777541612,-0.0336434279022096,0.116837804599215,0.449293601112833
"BMY US",2020-10-27,2022-11-07,"US1101221083","Health Care",0.134229303087344,0.100696752165484,0.508297822310093,0.194442748380857,0.234414624764924,0.537281976863721,0.0225877011879323,0.677237681946944,0.582779256310135
"BR US",2020-10-27,2022-11-07,"US11133T1034","Information Technology",-0.0298681598799467,NA,0.488814354533865,0.165912216552457,-0.533237256868143,0.542327927047337,-0.164723683739357,-0.0743130201773975,0.451337081935364
"BRK/B US",2020-10-27,2022-11-07,"US0846707026","Financials",0.0929933540100568,0.815303038187501,0.567531132978112,0.130804025369291,-0.785649520598027,0.560762777541612,-0.0336434279022096,0.114086132275111,0.449293601112833
"BSX US",2020-10-27,2022-11-07,"US1011371077","Health Care",0.134229303087344,0.744926736143491,0.508297822310093,0.194442748380857,0.353340247618949,0.537281976863721,0.0225877011879323,0.545575014156152,0.582779256310135
"BWA US",2021-06-28,2022-11-07,"US0997241064","Consumer Discretionary",-0.109068816928555,-0.132459599475912,0.531510022562008,0.220277658005794,0.510779673494709,0.469608921405082,-0.0496821076547926,0.668120627668754,0.440398988338778
"CAG US",2020-10-27,2022-11-07,"US2058871029","Consumer Staples",0.214569636701728,0.218035657732669,0.446393983840053,0.261843712915606,-0.616483992012892,0.419791369080568,-0.019985411792594,-0.681133448099339,0.407009184492001
"CAH US",2020-10-27,2022-11-07,"US14149Y1082","Health Care",0.134229303087344,-0.690892930207966,0.508297822310093,0.194442748380857,-0.296405927324459,0.537281976863721,0.0225877011879323,0.463225412709764,0.582779256310135
"CARR US",2020-10-27,2022-11-07,"US14448C1045","Industrials",0.0775392403960125,-0.82083306893351,0.529828806813477,0.208665362110005,NA,0.512644700367829,-0.0317706487562133,-0.834500712433201,0.446247063917655
"CB US",2020-10-27,2022-11-07,"CH0044328745","Financials",0.0929933540100568,-0.85301256683832,0.567531132978112,0.130804025369291,0.390996288207014,0.560762777541612,-0.0336434279022096,-0.404151995789055,0.449293601112833
"CBRE US",2020-10-27,2022-11-07,"US12504L1098","Real Estate",0.274065804883037,-0.756886402019714,0.493441755380086,-0.149229739371511,0.702893205971913,0.542721789503528,-0.319570169356543,0.102496028596152,0.485429974023202
"CCL US",2020-10-27,2022-11-07,"PA1436583006","Consumer Discretionary",-0.109068816928555,0.754969379351632,0.531510022562008,0.220277658005794,-0.100324132288547,0.469608921405082,-0.0496821076547926,-0.122106299287902,0.440398988338778
"CDW US",2020-10-27,2022-11-07,"US12514G1085","Information Technology",-0.0298681598799467,0.287156033507805,0.488814354533865,0.165912216552457,-0.446789168092448,0.542327927047337,-0.164723683739357,-0.300214524758233,0.451337081935364
"CF US",2020-10-27,2022-11-07,"US1252691001","Materials",0.117145482357978,-0.394905686025687,0.477931100785715,-0.105680324264287,-0.170296932484277,0.396412292571032,0.030653856696264,-0.707218952537484,0.499508794250546
"CFG US",2020-10-27,2022-11-07,"US1746101054","Financials",0.0929933540100568,0.890216110476543,0.567531132978112,0.130804025369291,NA,0.560762777541612,-0.0336434279022096,-0.84111060538006,0.449293601112833
"CHRW US",2020-10-27,2022-11-07,"US12541W2098","Industrials",0.0775392403960125,0.427171230073615,0.529828806813477,0.208665362110005,0.774854533612663,0.512644700367829,-0.0317706487562133,0.690407039340697,0.446247063917655
"CHTR US",2020-10-27,2022-11-07,"US16119P1084","Communication Services",0.306971197833877,-0.794751768719577,0.512842739558761,0.239777278066979,-0.135674395232995,0.471312445553149,-0.308826089477367,-0.863508686063707,0.367290146652025
"CI US",2020-10-27,2022-11-07,"US1255231003","Health Care",0.134229303087344,NA,0.508297822310093,0.194442748380857,0.777347761060959,0.537281976863721,0.0225877011879323,0.878651923385408,0.582779256310135
"CINF US",2022-04-04,2022-11-07,"US1720621010","Financials",0.0929933540100568,-0.354347559249799,0.567531132978112,0.130804025369291,0.842681414446004,0.560762777541612,-0.0336434279022096,0.0433820789200799,0.449293601112833
"CL US",2020-10-27,2022-11-07,"US1941621039","Consumer Staples",0.214569636701728,-0.264960495455441,0.446393983840053,0.261843712915606,0.403898435403776,0.419791369080568,-0.019985411792594,0.330276741923129,0.407009184492001
"CLX US",2020-10-27,2022-11-07,"US1890541097","Consumer Staples",0.214569636701728,0.114606250940107,0.446393983840053,0.261843712915606,-0.310998699237147,0.419791369080568,-0.019985411792594,0.321076423172251,0.407009184492001
"CMA US",2020-10-27,2022-11-07,"US2003401070","Financials",0.0929933540100568,-0.277927317016496,0.567531132978112,0.130804025369291,-0.67170251372508,0.560762777541612,-0.0336434279022096,0.638370365995889,0.449293601112833
"CMCSA US",2020-10-27,2022-11-07,"US20030N1019","Communication Services",0.306971197833877,-0.554721229877881,0.512842739558761,0.239777278066979,-0.333392358582898,0.471312445553149,-0.308826089477367,-0.251466195822518,0.367290146652025
"CMG US",2020-10-27,2022-11-07,"US1696561059","Consumer Discretionary",-0.109068816928555,-0.671982981739619,0.531510022562008,0.220277658005794,-0.109632420737816,0.469608921405082,-0.0496821076547926,0.338203845889912,0.440398988338778
"CMI US",2020-10-27,2022-11-07,"US2310211063","Industrials",0.0775392403960125,0.583971582136772,0.529828806813477,0.208665362110005,-0.500687759686943,0.512644700367829,-0.0317706487562133,-0.139024794594871,0.446247063917655
"CMS US",2020-10-27,2022-11-07,"US1258961002","Utilities",0.503214010762021,0.8722644020926,0.335405737390289,0.270245137998241,0.653956270389505,0.398755628794563,-0.131301244399918,-0.337372524772891,0.344477732206012
"COF US",2020-10-27,2022-11-07,"US14040H1059","Financials",0.0929933540100568,0.221873190356503,0.567531132978112,0.130804025369291,0.76298947327838,0.560762777541612,-0.0336434279022096,-0.0993075701607738,0.449293601112833
"COO US",2020-10-27,2022-11-07,"US2166484020","Health Care",0.134229303087344,-0.621538837573479,0.508297822310093,0.194442748380857,-0.851654395683493,0.537281976863721,0.0225877011879323,-0.903719775890641,0.582779256310135
"COST US",2020-10-27,2022-11-07,"US22160K1051","Consumer Staples",0.214569636701728,0.674230975800972,0.446393983840053,0.261843712915606,0.542390410472465,0.419791369080568,-0.019985411792594,0.27209709758002,0.407009184492001
"CPB US",2020-10-27,2022-11-07,"US1344291091","Consumer Staples",0.214569636701728,0.175199976467898,0.446393983840053,0.261843712915606,0.192201353952492,0.419791369080568,-0.019985411792594,-0.684290782830104,0.407009184492001
"CPRT US",2021-06-28,2022-11-07,"US2172041061","Industrials",0.0775392403960125,NA,0.529828806813477,0.208665362110005,0.263530017274317,0.512644700367829,-0.0317706487562133,-0.752807986536556,0.446247063917655
"CPT US",2022-04-04,2022-11-07,"US1331311027","Real Estate",0.274065804883037,NA,0.493441755380086,-0.149229739371511,NA,0.542721789503528,-0.319570169356543,-0.830648011584411,0.485429974023202
"CRL US",2021-05-14,2022-11-07,"US1598641074","Health Care",0.134229303087344,NA,0.508297822310093,0.194442748380857,-0.422553331143071,0.537281976863721,0.0225877011879323,-0.823051477829837,0.582779256310135
"CRM US",2022-04-01,2022-11-07,"US79466L3024","Information Technology",-0.0298681598799467,-0.142298517813826,0.488814354533865,0.165912216552457,0.854692064691413,0.542327927047337,-0.164723683739357,-0.184754730149848,0.451337081935364
"CSCO US",2021-05-11,2022-11-07,"US17275R1023","Information Technology",-0.0298681598799467,-0.717389871374042,0.488814354533865,0.165912216552457,0.717389871374042,0.542327927047337,-0.164723683739357,-0.548944481973247,0.451337081935364
"CSGP US",2022-09-19,2022-11-07,"US22160N1090","Industrials",0.0775392403960125,NA,0.529828806813477,0.208665362110005,-1,0.512644700367829,-0.0317706487562133,-1,0.446247063917655
"CSX US",2020-10-27,2022-11-07,"US1264081035","Industrials",0.0775392403960125,-0.574306669729349,0.529828806813477,0.208665362110005,0.148444609046054,0.512644700367829,-0.0317706487562133,0.0309497085116516,0.446247063917655
"CTAS US",2020-10-27,2022-11-07,"US1729081059","Industrials",0.0775392403960125,0.49619706899771,0.529828806813477,0.208665362110005,0.31973025113284,0.512644700367829,-0.0317706487562133,0.857835037076561,0.446247063917655
"CTLT US",2020-10-27,2022-11-07,"US1488061029","Health Care",0.134229303087344,0.594059579904966,0.508297822310093,0.194442748380857,0.342751956561268,0.537281976863721,0.0225877011879323,-0.606693313631052,0.582779256310135
"CTRA US",2021-10-04,2022-11-07,"US1270971039","Energy",0.225526480016109,-0.341189008269044,0.458312571169148,-0.0272824042473993,-0.0435642794442175,0.463402148371466,0.0584882412742849,0.370459687498323,0.423162496691864
"CTVA US",2020-10-27,2022-11-07,"US22052L1044","Materials",0.117145482357978,-0.849271524503162,0.477931100785715,-0.105680324264287,-0.827706406015499,0.396412292571032,0.030653856696264,0.568595833077003,0.499508794250546
"CVX US",2020-10-27,2022-11-07,"US1667641005","Energy",0.225526480016109,0.713725746381871,0.458312571169148,-0.0272824042473993,0.795690126184933,0.463402148371466,0.0584882412742849,0.398306885337831,0.423162496691864
"D US",2020-10-27,2022-11-07,"US25746U1097","Utilities",0.503214010762021,0.493444798215596,0.335405737390289,0.270245137998241,0.385323565500661,0.398755628794563,-0.131301244399918,0.375574329751962,0.344477732206012
"DD US",2021-02-03,2022-11-07,"US26614N1028","Materials",0.117145482357978,-0.0840784419296918,0.477931100785715,-0.105680324264287,-0.646864521892665,0.396412292571032,0.030653856696264,-0.928176777639255,0.499508794250546
"DE US",2020-10-27,2022-11-07,"US2441991054","Industrials",0.0775392403960125,0.430904094056154,0.529828806813477,0.208665362110005,-0.787348754113362,0.512644700367829,-0.0317706487562133,0.0376148298631066,0.446247063917655
"DFS US",2020-10-27,2022-11-07,"US2547091080","Financials",0.0929933540100568,-0.443768049229865,0.567531132978112,0.130804025369291,0.918519513896855,0.560762777541612,-0.0336434279022096,-0.189101066500466,0.449293601112833
"DG US",2020-10-27,2022-11-07,"US2566771059","Consumer Discretionary",-0.109068816928555,-0.882783478246504,0.531510022562008,0.220277658005794,0.683371731967532,0.469608921405082,-0.0496821076547926,0.281631478227292,0.440398988338778
"DGX US",2020-10-27,2022-11-07,"US74834L1008","Health Care",0.134229303087344,0.0974810057452325,0.508297822310093,0.194442748380857,0.688273784532875,0.537281976863721,0.0225877011879323,0.795619587547131,0.582779256310135
"DHI US",2020-10-27,2022-11-07,"US23331A1097","Consumer Discretionary",-0.109068816928555,0.448013807479308,0.531510022562008,0.220277658005794,0.185245425213618,0.469608921405082,-0.0496821076547926,0.676779525563083,0.440398988338778
"DHR US",2020-10-27,2022-11-07,"US2358511028","Health Care",0.134229303087344,0.711627793800868,0.508297822310093,0.194442748380857,0.815510307171555,0.537281976863721,0.0225877011879323,0.258910448854415,0.582779256310135
"DISH US",2020-10-27,2022-11-07,"US25470M1099","Communication Services",0.306971197833877,NA,0.512842739558761,0.239777278066979,0.844812347082888,0.471312445553149,-0.308826089477367,-0.828460200403136,0.367290146652025
"DLR US",2020-10-27,2022-11-07,"US2538681030","Real Estate",0.274065804883037,NA,0.493441755380086,-0.149229739371511,-0.802073341644453,0.542721789503528,-0.319570169356543,-0.722134945153906,0.485429974023202
"DLTR US",2020-10-27,2022-11-07,"US2567461080","Consumer Discretionary",-0.109068816928555,0.580601837964056,0.531510022562008,0.220277658005794,-0.0589004548368068,0.469608921405082,-0.0496821076547926,-0.226720284230466,0.440398988338778
"DOV US",2020-10-27,2022-11-07,"US2600031080","Industrials",0.0775392403960125,0.195073256245787,0.529828806813477,0.208665362110005,0.52355514419562,0.512644700367829,-0.0317706487562133,0.435288212844248,0.446247063917655
"DOW US",2020-10-27,2022-11-07,"US2605571031","Materials",0.117145482357978,0.823423931863033,0.477931100785715,-0.105680324264287,NA,0.396412292571032,0.030653856696264,-0.809396659966565,0.499508794250546
"DPZ US",2020-10-27,2022-11-07,"US25754A2015","Consumer Discretionary",-0.109068816928555,NA,0.531510022562008,0.220277658005794,0.504315964813681,0.469608921405082,-0.0496821076547926,0.549186985775319,0.440398988338778
"DRI US",2020-10-27,2022-11-07,"US2371941053","Consumer Discretionary",-0.109068816928555,-0.796976075392258,0.531510022562008,0.220277658005794,0.355115079178166,0.469608921405082,-0.0496821076547926,0.159217259873839,0.440398988338778
"DTE US",2020-10-27,2022-11-07,"US2333311072","Utilities",0.503214010762021,0.924808726148098,0.335405737390289,0.270245137998241,0.785938766653583,0.398755628794563,-0.131301244399918,-0.417436366038362,0.344477732206012
"DVA US",2020-10-27,2022-11-07,"US23918K1088","Health Care",0.134229303087344,0.55027698225034,0.508297822310093,0.194442748380857,0.227428484863013,0.537281976863721,0.0225877011879323,0.618142384368382,0.582779256310135
"DXC US",2020-10-27,2022-11-07,"US23355L1061","Information Technology",-0.0298681598799467,-0.23424034667146,0.488814354533865,0.165912216552457,-0.317474269515302,0.542327927047337,-0.164723683739357,-0.682045562096738,0.451337081935364
"DXCM US",2020-10-27,2022-11-07,"US2521311074","Health Care",0.134229303087344,NA,0.508297822310093,0.194442748380857,0.736782698165523,0.537281976863721,0.0225877011879323,-0.869180882118722,0.582779256310135
"EA US",2022-10-19,2022-11-07,"US2855121099","Communication Services",0.306971197833877,0.873000366397295,0.512842739558761,0.239777278066979,0.283013176488839,0.471312445553149,-0.308826089477367,-0.0195942253189776,0.367290146652025
"ECL US",2021-05-11,2022-11-07,"US2788651006","Materials",0.117145482357978,0.643763679125051,0.477931100785715,-0.105680324264287,-0.306147000436432,0.396412292571032,0.030653856696264,-0.160036593223301,0.499508794250546
"EFX US",2020-10-27,2022-11-07,"US2944291051","Industrials",0.0775392403960125,0.762004927224876,0.529828806813477,0.208665362110005,0.554695047274509,0.512644700367829,-0.0317706487562133,0.245928393338489,0.446247063917655
"EIX US",2022-10-19,2022-11-07,"US2810201077","Utilities",0.503214010762021,0.673825334804619,0.335405737390289,0.270245137998241,-0.172026529622143,0.398755628794563,-0.131301244399918,-0.511940783390293,0.344477732206012
"EL US",2020-10-27,2022-11-07,"US5184391044","Consumer Staples",0.214569636701728,-0.195612772017122,0.446393983840053,0.261843712915606,0.502821897197748,0.419791369080568,-0.019985411792594,0.538992809241968,0.407009184492001
"ELV US",2022-06-28,2022-11-07,"US0367521038","Health Care",0.134229303087344,0.459294062887691,0.508297822310093,0.194442748380857,0.787177045784047,0.537281976863721,0.0225877011879323,0.761822783386652,0.582779256310135
"EMR US",2022-10-19,2022-11-07,"US2910111044","Industrials",0.0775392403960125,0.432112202011274,0.529828806813477,0.208665362110005,0.812529832030132,0.512644700367829,-0.0317706487562133,0.0268523958295987,0.446247063917655
"ENPH US",2021-03-30,2022-11-07,"US29355A1079","Information Technology",-0.0298681598799467,-0.348830543510994,0.488814354533865,0.165912216552457,0.348830543510994,0.542327927047337,-0.164723683739357,0.35412912067099,0.451337081935364
"EPAM US",2021-12-14,2022-11-07,"US29414B1044","Information Technology",-0.0298681598799467,-0.501728894287223,0.488814354533865,0.165912216552457,0.501728894287223,0.542327927047337,-0.164723683739357,0.758785572920604,0.451337081935364
"EQIX US",2020-10-27,2022-11-07,"US29444U7000","Real Estate",0.274065804883037,0.552934316902728,0.493441755380086,-0.149229739371511,0.616386009940604,0.542721789503528,-0.319570169356543,-0.817728660658913,0.485429974023202
"EQT US",2022-10-03,2022-11-07,"US26884L1098","Energy",0.225526480016109,0.296595952567204,0.458312571169148,-0.0272824042473993,-0.681613392769092,0.463402148371466,0.0584882412742849,-0.279628687771226,0.423162496691864
"ESS US",2020-10-27,2022-11-07,"US2971781057","Real Estate",0.274065804883037,-0.168383261035973,0.493441755380086,-0.149229739371511,0.0545802638726567,0.542721789503528,-0.319570169356543,0.272438193320455,0.485429974023202
"EXC US",2020-10-27,2022-11-07,"US30161N1019","Utilities",0.503214010762021,0.173535569374304,0.335405737390289,0.270245137998241,-0.23621196962326,0.398755628794563,-0.131301244399918,-0.10690097248646,0.344477732206012
"EXPD US",2020-10-27,2022-11-07,"US3021301094","Industrials",0.0775392403960125,0.526839137957593,0.529828806813477,0.208665362110005,0.691221067959863,0.512644700367829,-0.0317706487562133,0.544245096030577,0.446247063917655
"F US",2021-06-28,2022-11-07,"US3453708600","Consumer Discretionary",-0.109068816928555,0.561293956780442,0.531510022562008,0.220277658005794,0.110219062861266,0.469608921405082,-0.0496821076547926,-0.339009418421714,0.440398988338778
"FCX US",2021-04-28,2022-11-07,"US35671D8570","Materials",0.117145482357978,-0.0363395995247851,0.477931100785715,-0.105680324264287,-0.158382340418955,0.396412292571032,0.030653856696264,0.629672455072287,0.499508794250546
"FDX US",2020-10-27,2022-11-07,"US31428X1063","Industrials",0.0775392403960125,0.547528914370126,0.529828806813477,0.208665362110005,0.865729264158083,0.512644700367829,-0.0317706487562133,-0.328935836065286,0.446247063917655
"FE US",2020-10-27,2022-11-07,"US3379321074","Utilities",0.503214010762021,0.387922345128137,0.335405737390289,0.270245137998241,0.665154569212662,0.398755628794563,-0.131301244399918,0.53897931798487,0.344477732206012
"FFIV US",2021-11-15,2022-11-07,"US3156161024","Information Technology",-0.0298681598799467,0.589948674113708,0.488814354533865,0.165912216552457,-0.235745302472623,0.542327927047337,-0.164723683739357,-0.104872398421312,0.451337081935364
"FIS US",2020-10-27,2022-11-07,"US31620M1062","Information Technology",-0.0298681598799467,0.770633688830986,0.488814354533865,0.165912216552457,0.743462793879372,0.542327927047337,-0.164723683739357,-0.30287566289362,0.451337081935364
"FITB US",2020-10-27,2022-11-07,"US3167731005","Financials",0.0929933540100568,0.748201893579855,0.567531132978112,0.130804025369291,0.525183544407264,0.560762777541612,-0.0336434279022096,0.440578664202965,0.449293601112833
"FMC US",2020-10-27,2022-11-07,"US3024913036","Materials",0.117145482357978,0.831504357751463,0.477931100785715,-0.105680324264287,0.440725130706695,0.396412292571032,0.030653856696264,-0.159272792906031,0.499508794250546
"FRC US",2020-10-27,2022-11-07,"US33616C1009","Financials",0.0929933540100568,-0.554606494431703,0.567531132978112,0.130804025369291,-0.507142746986997,0.560762777541612,-0.0336434279022096,-0.641202408650464,0.449293601112833
"FTNT US",2020-10-27,2022-11-07,"US34959E1091","Information Technology",-0.0298681598799467,-0.565784199795514,0.488814354533865,0.165912216552457,-0.520806443037604,0.542327927047337,-0.164723683739357,-0.956300596897836,0.451337081935364
"GD US",2020-10-27,2022-11-07,"US3695501086","Industrials",0.0775392403960125,-0.297528023988507,0.529828806813477,0.208665362110005,0.445693970684038,0.512644700367829,-0.0317706487562133,0.735114411228466,0.446247063917655
"GILD US",2020-10-27,2022-11-07,"US3755581036","Health Care",0.134229303087344,-0.268422363720122,0.508297822310093,0.194442748380857,-0.784149642136387,0.537281976863721,0.0225877011879323,0.204382791271195,0.582779256310135
"GIS US",2020-10-27,2022-11-07,"US3703341046","Consumer Staples",0.214569636701728,0.155708221091027,0.446393983840053,0.261843712915606,0.728281038099707,0.419791369080568,-0.019985411792594,-0.36513716114396,0.407009184492001
"GNRC US",2021-03-22,2022-11-07,"US3687361044","Industrials",0.0775392403960125,-0.714619195242843,0.529828806813477,0.208665362110005,-0.646512265800226,0.512644700367829,-0.0317706487562133,0.0455845225773816,0.446247063917655
"GPN US",2020-10-27,2022-11-07,"US37940X1028","Information Technology",-0.0298681598799467,NA,0.488814354533865,0.165912216552457,-0.652668047913143,0.542327927047337,-0.164723683739357,-0.73399503556872,0.451337081935364
"GRMN US",2021-12-07,2022-11-07,"CH0114405324","Consumer Discretionary",-0.109068816928555,-0.903496412898151,0.531510022562008,0.220277658005794,0.267910391274937,0.469608921405082,-0.0496821076547926,-0.219843068755137,0.440398988338778
"GS US",2020-10-27,2022-11-07,"US38141G1040","Financials",0.0929933540100568,0.722678933119992,0.567531132978112,0.130804025369291,-0.378963879099863,0.560762777541612,-0.0336434279022096,0.72800390629593,0.449293601112833
"GWW US",2020-10-27,2022-11-07,"US3848021040","Industrials",0.0775392403960125,0.826571530400066,0.529828806813477,0.208665362110005,0.25228837863808,0.512644700367829,-0.0317706487562133,-0.176757315983383,0.446247063917655
"HAL US",2020-10-27,2022-11-07,"US4062161017","Energy",0.225526480016109,-0.613642368991103,0.458312571169148,-0.0272824042473993,-0.510673725623079,0.463402148371466,0.0584882412742849,-0.82893298338737,0.423162496691864
"HAS US",2020-10-27,2022-11-07,"US4180561072","Consumer Discretionary",-0.109068816928555,0.331922058262039,0.531510022562008,0.220277658005794,-0.104519531158644,0.469608921405082,-0.0496821076547926,0.806246264816928,0.440398988338778
"HD US",2020-10-27,2022-11-07,"US4370761029","Consumer Discretionary",-0.109068816928555,0.621878180198986,0.531510022562008,0.220277658005794,0.665352724857485,0.469608921405082,-0.0496821076547926,-0.190220596720829,0.440398988338778
"HES US",2020-10-27,2022-11-07,"US42809H1077","Energy",0.225526480016109,0.710061300024855,0.458312571169148,-0.0272824042473993,0.485873790007872,0.463402148371466,0.0584882412742849,0.510684472075334,0.423162496691864
"HIG US",2020-10-27,2022-11-07,"US4165151048","Financials",0.0929933540100568,-0.633900923444779,0.567531132978112,0.130804025369291,-0.524500500614774,0.560762777541612,-0.0336434279022096,0.401312264243581,0.449293601112833
"HII US",2020-10-27,2022-11-07,"US4464131063","Industrials",0.0775392403960125,0.714047806378541,0.529828806813477,0.208665362110005,0.804091087687146,0.512644700367829,-0.0317706487562133,0.831877914317446,0.446247063917655
"HOLX US",2020-10-27,2022-11-07,"US4364401012","Health Care",0.134229303087344,NA,0.508297822310093,0.194442748380857,-0.0598481689908033,0.537281976863721,0.0225877011879323,-0.724404116134205,0.582779256310135
"HON US",2021-05-11,2022-11-07,"US4385161066","Industrials",0.0775392403960125,-0.62406220483768,0.529828806813477,0.208665362110005,0.188571516062035,0.512644700367829,-0.0317706487562133,0.539536040829531,0.446247063917655
"HPE US",2020-10-27,2022-11-07,"US42824C1099","Information Technology",-0.0298681598799467,0.578110371695534,0.488814354533865,0.165912216552457,-0.617667040366247,0.542327927047337,-0.164723683739357,0.138088895315325,0.451337081935364
"HPQ US",2020-10-27,2022-11-07,"US40434L1052","Information Technology",-0.0298681598799467,-0.537248742462533,0.488814354533865,0.165912216552457,0.55250376515375,0.542327927047337,-0.164723683739357,0.466187823697014,0.451337081935364
"HRL US",2020-10-27,2022-11-07,"US4404521001","Consumer Staples",0.214569636701728,-0.00788769910973535,0.446393983840053,0.261843712915606,-0.0664976807660463,0.419791369080568,-0.019985411792594,-0.436751405203229,0.407009184492001
"HST US",2020-11-02,2022-11-07,"US44107P1049","Real Estate",0.274065804883037,0.29347392232275,0.493441755380086,-0.149229739371511,0.241694368971405,0.542721789503528,-0.319570169356543,0.64017340903746,0.485429974023202
"HSY US",2020-10-27,2022-11-07,"US4278661081","Consumer Staples",0.214569636701728,0.357211013138176,0.446393983840053,0.261843712915606,0.767732927193387,0.419791369080568,-0.019985411792594,0.0503015192404822,0.407009184492001
"HUM US",2020-10-27,2022-11-07,"US4448591028","Health Care",0.134229303087344,NA,0.508297822310093,0.194442748380857,0.809531536065643,0.537281976863721,0.0225877011879323,0.586179710388352,0.582779256310135
"ICE US",2022-07-05,2022-11-07,"US45866F1049","Financials",0.0929933540100568,-0.166646030890318,0.567531132978112,0.130804025369291,-0.459014134035493,0.560762777541612,-0.0336434279022096,0.100776296912547,0.449293601112833
"IDXX US",2020-11-23,2022-11-07,"US45168D1046","Health Care",0.134229303087344,NA,0.508297822310093,0.194442748380857,-0.910507672045486,0.537281976863721,0.0225877011879323,-0.767009895758987,0.582779256310135
"INTC US",2020-10-27,2022-11-07,"US4581401001","Information Technology",-0.0298681598799467,-0.209528970897303,0.488814354533865,0.165912216552457,-0.479911077628858,0.542327927047337,-0.164723683739357,0.486437813304053,0.451337081935364
"IPG US",2020-10-27,2022-11-07,"US4606901001","Communication Services",0.306971197833877,0.890932768435431,0.512842739558761,0.239777278066979,0.78121358421034,0.471312445553149,-0.308826089477367,-0.268453592288546,0.367290146652025
"IQV US",2020-10-27,2022-11-07,"US46266C1053","Health Care",0.134229303087344,NA,0.508297822310093,0.194442748380857,-0.555445245866525,0.537281976863721,0.0225877011879323,-0.768884612325737,0.582779256310135
"IR US",2021-05-11,2022-11-07,"US45687V1061","Industrials",0.0775392403960125,0.0258207232593729,0.529828806813477,0.208665362110005,-0.311905392465927,0.512644700367829,-0.0317706487562133,-0.503175699521304,0.446247063917655
"ISRG US",2020-10-27,2022-11-07,"US46120E6023","Health Care",0.134229303087344,-0.475164141704195,0.508297822310093,0.194442748380857,-0.500465409238909,0.537281976863721,0.0225877011879323,-0.547013263378606,0.582779256310135
"ITW US",2020-10-27,2022-11-07,"US4523081093","Industrials",0.0775392403960125,0.0512456902193857,0.529828806813477,0.208665362110005,0.876572631976097,0.512644700367829,-0.0317706487562133,0.20928449340173,0.446247063917655
"IVZ US",2020-10-27,2022-11-07,"BMG491BT1088","Financials",0.0929933540100568,-0.58544720628535,0.567531132978112,0.130804025369291,0.0478988339421426,0.560762777541612,-0.0336434279022096,0.0114210609539118,0.449293601112833
"JBHT US",2022-04-04,2022-11-07,"US4456581077","Industrials",0.0775392403960125,0.888410706119261,0.529828806813477,0.208665362110005,0.887919544545481,0.512644700367829,-0.0317706487562133,0.425819219870228,0.446247063917655
"JCI US",2020-10-27,2022-11-07,"IE00BY7QL619","Industrials",0.0775392403960125,-0.742881482115378,0.529828806813477,0.208665362110005,-0.429592133346894,0.512644700367829,-0.0317706487562133,-0.399418503997245,0.446247063917655
"JKHY US",2020-10-27,2022-11-07,"US4262811015","Information Technology",-0.0298681598799467,0.828253264751496,0.488814354533865,0.165912216552457,0.557987999925309,0.542327927047337,-0.164723683739357,0.54858075133035,0.451337081935364
"JNJ US",2020-10-27,2022-11-07,"US4781601046","Health Care",0.134229303087344,-0.011905920760432,0.508297822310093,0.194442748380857,0.921484347768568,0.537281976863721,0.0225877011879323,-0.273400502427118,0.582779256310135
"JNPR US",2020-10-27,2022-11-07,"US48203R1041","Information Technology",-0.0298681598799467,0.0539573643396306,0.488814354533865,0.165912216552457,0.233593226085543,0.542327927047337,-0.164723683739357,0.296129318816678,0.451337081935364
"JPM US",2020-10-27,2022-11-07,"US46625H1005","Financials",0.0929933540100568,0.491475010204127,0.567531132978112,0.130804025369291,0.0413938949333639,0.560762777541612,-0.0336434279022096,0.897250786859381,0.449293601112833
"KDP US",2022-06-21,2022-11-07,"US49271V1008","Consumer Staples",0.214569636701728,NA,0.446393983840053,0.261843712915606,NA,0.419791369080568,-0.019985411792594,0.828441778704347,0.407009184492001
"KMB US",2020-10-27,2022-11-07,"US4943681035","Consumer Staples",0.214569636701728,-0.30619532253589,0.446393983840053,0.261843712915606,0.603837545321907,0.419791369080568,-0.019985411792594,-0.381867426480143,0.407009184492001
"KMI US",2020-10-27,2022-11-07,"US49456B1017","Energy",0.225526480016109,-0.43709795001219,0.458312571169148,-0.0272824042473993,0.537549351014811,0.463402148371466,0.0584882412742849,-0.0522965215273993,0.423162496691864
"KO US",2020-10-27,2022-11-07,"US1912161007","Consumer Staples",0.214569636701728,0.554744209601387,0.446393983840053,0.261843712915606,0.723469643332027,0.419791369080568,-0.019985411792594,0.203420949939971,0.407009184492001
"KR US",2020-10-27,2022-11-07,"US5010441013","Consumer Staples",0.214569636701728,-0.394362113030637,0.446393983840053,0.261843712915606,0.253387641364472,0.419791369080568,-0.019985411792594,0.103144008388829,0.407009184492001
"L US",2020-10-27,2022-11-07,"US5404241086","Financials",0.0929933540100568,0.708607628084833,0.567531132978112,0.130804025369291,-0.755512734099493,0.560762777541612,-0.0336434279022096,0.544264621780783,0.449293601112833
"LEN US",2020-10-27,2022-11-07,"US5260571048","Consumer Discretionary",-0.109068816928555,0.543076372236647,0.531510022562008,0.220277658005794,0.354098112985172,0.469608921405082,-0.0496821076547926,-0.667219906129511,0.440398988338778
"LH US",2020-10-27,2022-11-07,"US50540R4092","Health Care",0.134229303087344,0.699600181598386,0.508297822310093,0.194442748380857,0.2930441581122,0.537281976863721,0.0225877011879323,0.780793769095155,0.582779256310135
"LIN US",2020-10-27,2022-11-07,"IE00BZ12WP82","Materials",0.117145482357978,0.738490796198412,0.477931100785715,-0.105680324264287,NA,0.396412292571032,0.030653856696264,0.255512493411797,0.499508794250546
"LLY US",2022-10-19,2022-11-07,"US5324571083","Health Care",0.134229303087344,-0.591113402498857,0.508297822310093,0.194442748380857,0.526933764776134,0.537281976863721,0.0225877011879323,0.618851187434618,0.582779256310135
"LMT US",2020-10-27,2022-11-07,"US5398301094","Industrials",0.0775392403960125,-0.577476830322073,0.529828806813477,0.208665362110005,0.48509572253506,0.512644700367829,-0.0317706487562133,0.188880575533824,0.446247063917655
"LNT US",2021-07-21,2022-11-07,"US0188021085","Utilities",0.503214010762021,0.130206255679947,0.335405737390289,0.270245137998241,NA,0.398755628794563,-0.131301244399918,-0.0749480652784217,0.344477732206012
"LOW US",2020-10-27,2022-11-07,"US5486611073","Consumer Discretionary",-0.109068816928555,0.664099317955528,0.531510022562008,0.220277658005794,0.592942080806189,0.469608921405082,-0.0496821076547926,-0.0386490249975674,0.440398988338778
"LRCX US",2020-10-27,2022-11-07,"US5128071082","Information Technology",-0.0298681598799467,-0.744791463207109,0.488814354533865,0.165912216552457,0.711694336246284,0.542327927047337,-0.164723683739357,-0.00680198687603759,0.451337081935364
"LUV US",2020-10-27,2022-11-07,"US8447411088","Industrials",0.0775392403960125,-0.00907997774222218,0.529828806813477,0.208665362110005,-0.0985045116873789,0.512644700367829,-0.0317706487562133,-0.528714856458081,0.446247063917655
"LVS US",2020-10-27,2022-11-07,"US5178341070","Consumer Discretionary",-0.109068816928555,0.639892055289679,0.531510022562008,0.220277658005794,0.250411926539183,0.469608921405082,-0.0496821076547926,-0.224580503514292,0.440398988338778
"LW US",2020-10-27,2022-11-07,"US5132721045","Consumer Staples",0.214569636701728,0.848753024341967,0.446393983840053,0.261843712915606,0.560434832206694,0.419791369080568,-0.019985411792594,0.698450192562249,0.407009184492001
"LYV US",2020-10-27,2022-11-07,"US5380341090","Communication Services",0.306971197833877,NA,0.512842739558761,0.239777278066979,0.824632415746952,0.471312445553149,-0.308826089477367,0.235355111142876,0.367290146652025
"MA US",2020-10-27,2022-11-07,"US57636Q1040","Information Technology",-0.0298681598799467,0.444867667095174,0.488814354533865,0.165912216552457,0.273219144022966,0.542327927047337,-0.164723683739357,0.467838924234955,0.451337081935364
"MAA US",2020-10-27,2022-11-07,"US59522J1034","Real Estate",0.274065804883037,0.93114737728168,0.493441755380086,-0.149229739371511,0.93114737728168,0.542721789503528,-0.319570169356543,-0.938214590383911,0.485429974023202
"MAR US",2020-10-27,2022-11-07,"US5719032022","Consumer Discretionary",-0.109068816928555,-0.777992042709017,0.531510022562008,0.220277658005794,-0.721298816371858,0.469608921405082,-0.0496821076547926,0.139149774883492,0.440398988338778
"MAS US",2020-10-27,2022-11-07,"US5745991068","Industrials",0.0775392403960125,-0.762195933674029,0.529828806813477,0.208665362110005,0.524194556949931,0.512644700367829,-0.0317706487562133,0.190056348450242,0.446247063917655
"MCHP US",2020-10-27,2022-11-07,"US5950171042","Information Technology",-0.0298681598799467,-0.315049148584331,0.488814354533865,0.165912216552457,0.381462247957759,0.542327927047337,-0.164723683739357,-0.639006887417154,0.451337081935364
"MCO US",2020-10-27,2022-11-07,"US6153691059","Financials",0.0929933540100568,0.677722392324413,0.567531132978112,0.130804025369291,0.597646063661144,0.560762777541612,-0.0336434279022096,0.698578030395121,0.449293601112833
"MDT US",2020-10-27,2022-11-07,"IE00BTN1Y115","Health Care",0.134229303087344,0.0130588761958767,0.508297822310093,0.194442748380857,0.62747264402839,0.537281976863721,0.0225877011879323,0.623693718624849,0.582779256310135
"MKTX US",2020-11-23,2022-11-07,"US57060D1081","Financials",0.0929933540100568,-0.671838312235196,0.567531132978112,0.130804025369291,-0.964404721862273,0.560762777541612,-0.0336434279022096,-0.865484373295693,0.449293601112833
"MLM US",2021-04-28,2022-11-07,"US5732841060","Materials",0.117145482357978,0.877875104330206,0.477931100785715,-0.105680324264287,-0.264550769855201,0.396412292571032,0.030653856696264,0.860208040845817,0.499508794250546
"MMM US",2020-10-27,2022-11-07,"US88579Y1010","Industrials",0.0775392403960125,-0.525987915753299,0.529828806813477,0.208665362110005,0.205950721005825,0.512644700367829,-0.0317706487562133,-0.451542324242182,0.446247063917655
"MNST US",2020-10-27,2022-11-07,"US61174X1090","Consumer Staples",0.214569636701728,0.0284916906469693,0.446393983840053,0.261843712915606,-0.227334205382687,0.419791369080568,-0.019985411792594,0.196007891512979,0.407009184492001
"MO US",2021-07-21,2022-11-07,"US02209S1033","Consumer Staples",0.214569636701728,0.221492809246581,0.446393983840053,0.261843712915606,0.0875371326345346,0.419791369080568,-0.019985411792594,-0.662113185889039,0.407009184492001
"MOS US",2020-10-27,2022-11-07,"US61945C1036","Materials",0.117145482357978,-0.0775919400450582,0.477931100785715,-0.105680324264287,-0.746344139943835,0.396412292571032,0.030653856696264,-0.0585284906037559,0.499508794250546
"MPC US",2020-10-27,2022-11-07,"US56585A1025","Energy",0.225526480016109,0.251974637758836,0.458312571169148,-0.0272824042473993,-0.64291934932555,0.463402148371466,0.0584882412742849,0.326498286861113,0.423162496691864
"MRO US",2020-10-27,2022-11-07,"US5658491064","Energy",0.225526480016109,0.297197848241329,0.458312571169148,-0.0272824042473993,-0.171010004107903,0.463402148371466,0.0584882412742849,0.759596564535167,0.423162496691864
"MS US",2020-10-27,2022-11-07,"US6174464486","Financials",0.0929933540100568,0.877837074474161,0.567531132978112,0.130804025369291,-0.120325252842685,0.560762777541612,-0.0336434279022096,0.774770021781053,0.449293601112833
"MSFT US",2020-10-27,2022-11-07,"US5949181045","Information Technology",-0.0298681598799467,0.29488556182684,0.488814354533865,0.165912216552457,0.385805992690786,0.542327927047337,-0.164723683739357,-0.877411420713443,0.451337081935364
"MSI US",2020-10-27,2022-11-07,"US6200763075","Information Technology",-0.0298681598799467,-0.312186848485972,0.488814354533865,0.165912216552457,-0.605712105438684,0.542327927047337,-0.164723683739357,0.354854381823524,0.451337081935364
"MTD US",2022-04-04,2022-11-07,"US5926881054","Health Care",0.134229303087344,NA,0.508297822310093,0.194442748380857,0.815932887661252,0.537281976863721,0.0225877011879323,-0.570681109836996,0.582779256310135
"NCLH US",2020-10-27,2022-11-07,"BMG667211046","Consumer Discretionary",-0.109068816928555,-0.749440974267216,0.531510022562008,0.220277658005794,-0.719099017129447,0.469608921405082,-0.0496821076547926,-0.916910533310482,0.440398988338778
"NDAQ US",2020-10-27,2022-11-07,"US6311031081","Financials",0.0929933540100568,0.33084770790056,0.567531132978112,0.130804025369291,0.715180790767479,0.560762777541612,-0.0336434279022096,0.0648991743244026,0.449293601112833
"NEE US",2020-10-27,2022-11-07,"US65339F1012","Utilities",0.503214010762021,0.492941080740916,0.335405737390289,0.270245137998241,-0.666406838850963,0.398755628794563,-0.131301244399918,-0.42335263261925,0.344477732206012
"NEM US",2020-10-27,2022-11-07,"US6516391066","Materials",0.117145482357978,0.708768831794868,0.477931100785715,-0.105680324264287,0.581992345079973,0.396412292571032,0.030653856696264,0.722081834002134,0.499508794250546
"NI US",2020-10-27,2022-11-07,"US65473P1057","Utilities",0.503214010762021,-0.15805097208691,0.335405737390289,0.270245137998241,-0.0614193236094498,0.398755628794563,-0.131301244399918,0.561323784917036,0.344477732206012
"NKE US",2020-10-27,2022-11-07,"US6541061031","Consumer Discretionary",-0.109068816928555,0.493710268626982,0.531510022562008,0.220277658005794,-0.647293316862166,0.469608921405082,-0.0496821076547926,0.0327828650711669,0.440398988338778
"NOC US",2020-10-27,2022-11-07,"US6668071029","Industrials",0.0775392403960125,-0.559552714123236,0.529828806813477,0.208665362110005,0.916416656538512,0.512644700367829,-0.0317706487562133,0.0640791096567947,0.446247063917655
"NOW US",2020-10-27,2022-11-07,"US81762P1021","Information Technology",-0.0298681598799467,-0.845904485978318,0.488814354533865,0.165912216552457,0.508677440437733,0.542327927047337,-0.164723683739357,0.0782533562285921,0.451337081935364
"NRG US",2020-10-27,2022-11-07,"US6293775085","Utilities",0.503214010762021,0.0794267174357718,0.335405737390289,0.270245137998241,0.554019857492455,0.398755628794563,-0.131301244399918,-0.450943637530429,0.344477732206012
"NSC US",2020-10-27,2022-11-07,"US6558441084","Industrials",0.0775392403960125,-0.55325560142231,0.529828806813477,0.208665362110005,-0.329601795635507,0.512644700367829,-0.0317706487562133,-0.127254943779647,0.446247063917655
"NTRS US",2020-10-27,2022-11-07,"US6658591044","Financials",0.0929933540100568,0.576291251582949,0.567531132978112,0.130804025369291,-0.818620641706042,0.560762777541612,-0.0336434279022096,0.38132723595929,0.449293601112833
"NVDA US",2020-10-27,2022-11-07,"US67066G1040","Information Technology",-0.0298681598799467,-0.887131146108052,0.488814354533865,0.165912216552457,0.83593731864181,0.542327927047337,-0.164723683739357,-0.405819966945358,0.451337081935364
"NVR US",2020-10-27,2022-11-07,"US62944T1051","Consumer Discretionary",-0.109068816928555,-0.79188531829615,0.531510022562008,0.220277658005794,-0.790531409076071,0.469608921405082,-0.0496821076547926,-0.766647843735782,0.440398988338778
"NWS US",2020-10-27,2022-11-07,"US65249B2088","Communication Services",0.306971197833877,0.736953739405425,0.512842739558761,0.239777278066979,0.737581969719496,0.471312445553149,-0.308826089477367,-0.174117293348975,0.367290146652025
"NXPI US",2021-03-22,2022-11-07,"NL0009538784","Information Technology",-0.0298681598799467,NA,0.488814354533865,0.165912216552457,NA,0.542327927047337,-0.164723683739357,-0.689591069865117,0.451337081935364
"ODFL US",2021-10-13,2022-11-07,"US6795801009","Industrials",0.0775392403960125,-0.748269605419731,0.529828806813477,0.208665362110005,0.742228050692131,0.512644700367829,-0.0317706487562133,-0.699574655280213,0.446247063917655
"OKE US",2020-10-27,2022-11-07,"US6826801036","Energy",0.225526480016109,0.452072655627917,0.458312571169148,-0.0272824042473993,-0.333031463588444,0.463402148371466,0.0584882412742849,0.50052750376765,0.423162496691864
"ORCL US",2020-10-27,2022-11-07,"US68389X1054","Information Technology",-0.0298681598799467,-0.197626642870566,0.488814354533865,0.165912216552457,-0.300929970930645,0.542327927047337,-0.164723683739357,0.651245922803797,0.451337081935364
"ORLY US",2021-06-24,2022-11-07,"US67103H1077","Consumer Discretionary",-0.109068816928555,-0.38100488415988,0.531510022562008,0.220277658005794,0.120495003411531,0.469608921405082,-0.0496821076547926,0.532716794689131,0.440398988338778
"OTIS US",2020-10-27,2022-11-07,"US68902V1070","Industrials",0.0775392403960125,NA,0.529828806813477,0.208665362110005,0.810252406645117,0.512644700367829,-0.0317706487562133,-0.181126012483468,0.446247063917655
"PARA US",2022-02-17,2022-11-07,"US92556H2067","Communication Services",0.306971197833877,NA,0.512842739558761,0.239777278066979,-0.652795570617724,0.471312445553149,-0.308826089477367,-0.861627492851868,0.367290146652025
"PAYC US",2020-10-27,2022-11-07,"US70432V1026","Information Technology",-0.0298681598799467,-0.544435155593735,0.488814354533865,0.165912216552457,0.505785280356197,0.542327927047337,-0.164723683739357,-0.481934844806274,0.451337081935364
"PAYX US",2020-10-27,2022-11-07,"US7043261079","Information Technology",-0.0298681598799467,0.823131896441991,0.488814354533865,0.165912216552457,0.55550463973427,0.542327927047337,-0.164723683739357,-0.244000378384158,0.451337081935364
"PCG US",2022-10-03,2022-11-07,"US69331C1080","Utilities",0.503214010762021,0.543091826546995,0.335405737390289,0.270245137998241,0.598038629447155,0.398755628794563,-0.131301244399918,-0.519899249315254,0.344477732206012
"PEAK US",2020-10-27,2022-11-07,"US42250P1030","Real Estate",0.274065804883037,NA,0.493441755380086,-0.149229739371511,NA,0.542721789503528,-0.319570169356543,-0.912715467553659,0.485429974023202
"PEG US",2020-10-27,2022-11-07,"US7445731067","Utilities",0.503214010762021,0.952940475574883,0.335405737390289,0.270245137998241,0.0420706246379687,0.398755628794563,-0.131301244399918,-0.410461739662736,0.344477732206012
"PG US",2020-10-27,2022-11-07,"US7427181091","Consumer Staples",0.214569636701728,-0.772439516107841,0.446393983840053,0.261843712915606,-0.177431758603287,0.419791369080568,-0.019985411792594,0.22326762775172,0.407009184492001
"PGR US",2020-10-27,2022-11-07,"US7433151039","Financials",0.0929933540100568,-0.646991700941379,0.567531132978112,0.130804025369291,0.610120582683501,0.560762777541612,-0.0336434279022096,0.308569080950047,0.449293601112833
"PH US",2020-10-27,2022-11-07,"US7010941042","Industrials",0.0775392403960125,-0.810102573247953,0.529828806813477,0.208665362110005,-0.491951083131301,0.512644700367829,-0.0317706487562133,-0.461725663426255,0.446247063917655
"PHM US",2020-10-27,2022-11-07,"US7458671010","Consumer Discretionary",-0.109068816928555,-0.268668373295412,0.531510022562008,0.220277658005794,0.560619436558828,0.469608921405082,-0.0496821076547926,0.544319949629888,0.440398988338778
"PKI US",2020-10-27,2022-11-07,"US7140461093","Health Care",0.134229303087344,0.645189014237998,0.508297822310093,0.194442748380857,-0.809791253613573,0.537281976863721,0.0225877011879323,0.639265218433785,0.582779256310135
"PLD US",2020-10-27,2022-11-07,"US74340W1036","Real Estate",0.274065804883037,0.843946145398839,0.493441755380086,-0.149229739371511,-0.313795486463632,0.542721789503528,-0.319570169356543,0.0456021452422983,0.485429974023202
"PNC US",2020-10-27,2022-11-07,"US6934751057","Financials",0.0929933540100568,0.844851909686007,0.567531132978112,0.130804025369291,0.735407073786513,0.560762777541612,-0.0336434279022096,-0.341798573921551,0.449293601112833
"PNR US",2020-10-27,2022-11-07,"IE00BLS09M33","Industrials",0.0775392403960125,0.187063767482158,0.529828806813477,0.208665362110005,-0.308203210016102,0.512644700367829,-0.0317706487562133,-0.250007819754143,0.446247063917655
"PNW US",2020-10-27,2022-11-07,"US7234841010","Utilities",0.503214010762021,0.417040763443599,0.335405737390289,0.270245137998241,-0.219216545714715,0.398755628794563,-0.131301244399918,-0.668920340371666,0.344477732206012
"POOL US",2020-10-27,2022-11-07,"US73278L1052","Consumer Discretionary",-0.109068816928555,-0.72233155282064,0.531510022562008,0.220277658005794,-0.722331552820641,0.469608921405082,-0.0496821076547926,-0.803197611271249,0.440398988338778
"PPL US",2020-10-27,2022-11-07,"US69351T1060","Utilities",0.503214010762021,-0.0340461762326236,0.335405737390289,0.270245137998241,-0.353982687201902,0.398755628794563,-0.131301244399918,-0.261507382643384,0.344477732206012
"PSA US",2020-10-27,2022-11-07,"US74460D1090","Real Estate",0.274065804883037,0.547333458340089,0.493441755380086,-0.149229739371511,-0.704115814391082,0.542721789503528,-0.319570169356543,0.353283066985584,0.485429974023202
"PWR US",2020-10-27,2022-11-07,"US74762E1029","Industrials",0.0775392403960125,-0.0652343656918432,0.529828806813477,0.208665362110005,0.425299011729705,0.512644700367829,-0.0317706487562133,0.571867559550215,0.446247063917655
"PXD US",2020-10-27,2022-11-07,"US7237871071","Energy",0.225526480016109,0.762478341023852,0.458312571169148,-0.0272824042473993,0.485971219904807,0.463402148371466,0.0584882412742849,0.336672383476578,0.423162496691864
"PYPL US",2020-10-27,2022-11-07,"US70450Y1038","Information Technology",-0.0298681598799467,0.603365234526696,0.488814354533865,0.165912216552457,0.749233346737596,0.542327927047337,-0.164723683739357,-0.0176220890609203,0.451337081935364
"QCOM US",2020-10-27,2022-11-07,"US7475251036","Information Technology",-0.0298681598799467,0.163453810524284,0.488814354533865,0.165912216552457,0.674077819077991,0.542327927047337,-0.164723683739357,0.740299008913963,0.451337081935364
"QRVO US",2020-10-27,2022-11-07,"US74736K1016","Information Technology",-0.0298681598799467,0.13002870785606,0.488814354533865,0.165912216552457,-0.776595788589409,0.542327927047337,-0.164723683739357,0.63993484540436,0.451337081935364
"RCL US",2020-10-27,2022-11-07,"LR0008862868","Consumer Discretionary",-0.109068816928555,0.739974892871636,0.531510022562008,0.220277658005794,0.581908064846242,0.469608921405082,-0.0496821076547926,0.149937175119132,0.440398988338778
"RE US",2020-10-27,2022-11-07,"BMG3223R1088","Financials",0.0929933540100568,-0.0240030610593417,0.567531132978112,0.130804025369291,0.0689625257149334,0.560762777541612,-0.0336434279022096,-0.567242869653473,0.449293601112833
"REG US",2020-10-27,2022-11-07,"US7588491032","Real Estate",0.274065804883037,0.289402351779328,0.493441755380086,-0.149229739371511,NA,0.542721789503528,-0.319570169356543,-0.830310999056108,0.485429974023202
"REGN US",2020-10-27,2022-11-07,"US75886F1075","Health Care",0.134229303087344,0.607611303020703,0.508297822310093,0.194442748380857,0.755689411007849,0.537281976863721,0.0225877011879323,-0.371344812363646,0.582779256310135
"RF US",2020-10-27,2022-11-07,"US7591EP1005","Financials",0.0929933540100568,0.694495043839259,0.567531132978112,0.130804025369291,0.710586208133637,0.560762777541612,-0.0336434279022096,0.382802955822169,0.449293601112833
"RJF US",2020-10-27,2022-11-07,"US7547301090","Financials",0.0929933540100568,0.227079850903351,0.567531132978112,0.130804025369291,0.470935592962479,0.560762777541612,-0.0336434279022096,-0.546178027557921,0.449293601112833
"RL US",2020-10-27,2022-11-07,"US7512121010","Consumer Discretionary",-0.109068816928555,-0.290920478377903,0.531510022562008,0.220277658005794,-0.384511078071247,0.469608921405082,-0.0496821076547926,0.274942611822219,0.440398988338778
"RMD US",2020-10-27,2022-11-07,"US7611521078","Health Care",0.134229303087344,-0.569748315485348,0.508297822310093,0.194442748380857,0.547242886535681,0.537281976863721,0.0225877011879323,0.357348900231754,0.582779256310135
"ROK US",2020-10-27,2022-11-07,"US7739031091","Industrials",0.0775392403960125,0.793090998346413,0.529828806813477,0.208665362110005,0.244617018865599,0.512644700367829,-0.0317706487562133,-0.568584278068748,0.446247063917655
"ROP US",2020-10-27,2022-11-07,"US7766961061","Information Technology",-0.0298681598799467,0.574147732285669,0.488814354533865,0.165912216552457,-0.16016432868203,0.542327927047337,-0.164723683739357,0.354364942788773,0.451337081935364
"RSG US",2020-10-27,2022-11-07,"US7607591002","Industrials",0.0775392403960125,0.937609480584861,0.529828806813477,0.208665362110005,0.912048714704624,0.512644700367829,-0.0317706487562133,0.291447008780122,0.446247063917655
"RTX US",2020-10-27,2022-11-07,"US75513E1010","Industrials",0.0775392403960125,0.299771511087504,0.529828806813477,0.208665362110005,-0.456449841274494,0.512644700367829,-0.0317706487562133,0.0663177726066741,0.446247063917655
"SBNY US",2021-12-20,2022-11-07,"US82669G1040","Financials",0.0929933540100568,-0.911513806155749,0.567531132978112,0.130804025369291,NA,0.560762777541612,-0.0336434279022096,-0.343004313335007,0.449293601112833
"SBUX US",2020-10-27,2022-11-07,"US8552441094","Consumer Discretionary",-0.109068816928555,-0.287853209487122,0.531510022562008,0.220277658005794,0.167927047269344,0.469608921405082,-0.0496821076547926,0.591258166780898,0.440398988338778
"SCHW US",2020-10-27,2022-11-07,"US8085131055","Financials",0.0929933540100568,0.785961423353358,0.567531132978112,0.130804025369291,-0.525477642017873,0.560762777541612,-0.0336434279022096,-0.376308102431622,0.449293601112833
"SEE US",2020-10-27,2022-11-07,"US81211K1007","Materials",0.117145482357978,-0.348540580013137,0.477931100785715,-0.105680324264287,-0.204769311578262,0.396412292571032,0.030653856696264,-0.576130798689221,0.499508794250546
"SHW US",2020-10-27,2022-11-07,"US8243481061","Materials",0.117145482357978,-0.175169502980943,0.477931100785715,-0.105680324264287,-0.30898965283187,0.396412292571032,0.030653856696264,-0.54697220751075,0.499508794250546
"SIVB US",2020-11-23,2022-11-07,"US78486Q1013","Financials",0.0929933540100568,-0.872676151926409,0.567531132978112,0.130804025369291,-0.866312259038203,0.560762777541612,-0.0336434279022096,-0.919990817825758,0.449293601112833
"SLB US",2021-10-13,2022-11-07,"AN8068571086","Energy",0.225526480016109,-0.810610746390596,0.458312571169148,-0.0272824042473993,-0.687334899769696,0.463402148371466,0.0584882412742849,-0.68036382941764,0.423162496691864
"SNA US",2020-10-27,2022-11-07,"US8330341012","Industrials",0.0775392403960125,-0.0387057282484538,0.529828806813477,0.208665362110005,-0.516543128646913,0.512644700367829,-0.0317706487562133,-0.169635935790357,0.446247063917655
"SNPS US",2020-10-27,2022-11-07,"US8716071076","Information Technology",-0.0298681598799467,0.245035232449533,0.488814354533865,0.165912216552457,-0.422892415331072,0.542327927047337,-0.164723683739357,0.359474117342782,0.451337081935364
"SO US",2020-10-27,2022-11-07,"US8425871071","Utilities",0.503214010762021,0.570648736944288,0.335405737390289,0.270245137998241,0.440390603403323,0.398755628794563,-0.131301244399918,0.219023643816718,0.344477732206012
"SPGI US",2022-07-05,2022-11-07,"US78409V1044","Financials",0.0929933540100568,NA,0.567531132978112,0.130804025369291,-0.621274272903424,0.560762777541612,-0.0336434279022096,-0.859934831522578,0.449293601112833
"SRE US",2021-07-01,2022-11-07,"US8168511090","Utilities",0.503214010762021,-0.095202360239954,0.335405737390289,0.270245137998241,0.296613715426982,0.398755628794563,-0.131301244399918,-0.0837052464515629,0.344477732206012
"STE US",2020-10-27,2022-11-07,"IE00BFY8C754","Health Care",0.134229303087344,-0.7145925914863,0.508297822310093,0.194442748380857,0.815308180423646,0.537281976863721,0.0225877011879323,-0.66761643447743,0.582779256310135
"STT US",2020-10-27,2022-11-07,"US8574771031","Financials",0.0929933540100568,0.249134510261369,0.567531132978112,0.130804025369291,-0.651094528307199,0.560762777541612,-0.0336434279022096,-0.39498233004625,0.449293601112833
"STZ US",2020-10-27,2022-11-07,"US21036P1084","Consumer Staples",0.214569636701728,0.671346096121428,0.446393983840053,0.261843712915606,-0.130566352012289,0.419791369080568,-0.019985411792594,0.535476934592417,0.407009184492001
"SWK US",2020-10-27,2022-11-07,"US8545021011","Industrials",0.0775392403960125,-0.641206699628519,0.529828806813477,0.208665362110005,-0.182662519926797,0.512644700367829,-0.0317706487562133,0.16558254905461,0.446247063917655
"SWKS US",2020-10-27,2022-11-07,"US83088M1027","Information Technology",-0.0298681598799467,0.513123387677065,0.488814354533865,0.165912216552457,0.384127265289719,0.542327927047337,-0.164723683739357,-0.197900519523612,0.451337081935364
"SYK US",2020-10-27,2022-11-07,"US8636671013","Health Care",0.134229303087344,0.35031785441803,0.508297822310093,0.194442748380857,0.724361651151877,0.537281976863721,0.0225877011879323,0.819292168805854,0.582779256310135
"SYY US",2022-10-19,2022-11-07,"US8718291078","Consumer Staples",0.214569636701728,0.891533911072287,0.446393983840053,0.261843712915606,0.260019070576674,0.419791369080568,-0.019985411792594,-0.347998018164789,0.407009184492001
"T US",2021-03-26,2022-11-07,"US00206R1023","Communication Services",0.306971197833877,NA,0.512842739558761,0.239777278066979,-0.679424791956438,0.471312445553149,-0.308826089477367,-0.462999262186438,0.367290146652025
"TAP US",2020-10-27,2022-11-07,"US60871R2094","Consumer Staples",0.214569636701728,-0.511200877549936,0.446393983840053,0.261843712915606,0.158129323525638,0.419791369080568,-0.019985411792594,-0.160620707717343,0.407009184492001
"TDY US",2022-10-19,2022-11-07,"US8793601050","Information Technology",-0.0298681598799467,NA,0.488814354533865,0.165912216552457,-0.775528895617171,0.542327927047337,-0.164723683739357,-0.730161780305079,0.451337081935364
"TECH US",2021-08-30,2022-11-07,"US09073M1045","Health Care",0.134229303087344,NA,0.508297822310093,0.194442748380857,0.376246421835378,0.537281976863721,0.0225877011879323,-0.751860764635211,0.582779256310135
"TEL US",2020-10-27,2022-11-07,"CH0102993182","Information Technology",-0.0298681598799467,-0.7503335677701,0.488814354533865,0.165912216552457,0.814474715415686,0.542327927047337,-0.164723683739357,-0.0147512589966953,0.451337081935364
"TER US",2020-10-27,2022-11-07,"US8807701029","Information Technology",-0.0298681598799467,NA,0.488814354533865,0.165912216552457,-0.872538490276134,0.542327927047337,-0.164723683739357,-0.726647660491493,0.451337081935364
"TFC US",2020-10-27,2022-11-07,"US89832Q1094","Financials",0.0929933540100568,-0.718832271544374,0.567531132978112,0.130804025369291,0.750018016923785,0.560762777541612,-0.0336434279022096,-0.387291600933393,0.449293601112833
"TFX US",2022-10-19,2022-11-07,"US8793691069","Health Care",0.134229303087344,-0.852065063637566,0.508297822310093,0.194442748380857,0.444932278003651,0.537281976863721,0.0225877011879323,-0.92436070005298,0.582779256310135
"TGT US",2022-10-19,2022-11-07,"US87612E1064","Consumer Discretionary",-0.109068816928555,0.408834757525383,0.531510022562008,0.220277658005794,0.742891586122432,0.469608921405082,-0.0496821076547926,0.175819851692782,0.440398988338778
"TMO US",2020-10-27,2022-11-07,"US8835561023","Health Care",0.134229303087344,0.562799229279834,0.508297822310093,0.194442748380857,-0.125885239783874,0.537281976863721,0.0225877011879323,0.790854026807867,0.582779256310135
"TPR US",2020-10-27,2022-11-07,"US8760301072","Consumer Discretionary",-0.109068816928555,NA,0.531510022562008,0.220277658005794,0.868218266759792,0.469608921405082,-0.0496821076547926,-0.739160468551001,0.440398988338778
"TRMB US",2021-03-30,2022-11-07,"US8962391004","Information Technology",-0.0298681598799467,NA,0.488814354533865,0.165912216552457,-0.469783373350548,0.542327927047337,-0.164723683739357,-0.707000513884028,0.451337081935364
"TRV US",2020-10-27,2022-11-07,"US89417E1091","Financials",0.0929933540100568,-0.862631481855482,0.567531132978112,0.130804025369291,0.726996681035541,0.560762777541612,-0.0336434279022096,-0.158034265636196,0.449293601112833
"TSCO US",2020-11-23,2022-11-07,"US8923561067","Consumer Discretionary",-0.109068816928555,-0.198545084499366,0.531510022562008,0.220277658005794,0.793597246979418,0.469608921405082,-0.0496821076547926,-0.201709794109735,0.440398988338778
"TSN US",2020-10-27,2022-11-07,"US9024941034","Consumer Staples",0.214569636701728,0.824912672006659,0.446393983840053,0.261843712915606,0.791927547197818,0.419791369080568,-0.019985411792594,-0.409756294916081,0.407009184492001
"TT US",2020-10-27,2022-11-07,"IE00BK9ZQ967","Industrials",0.0775392403960125,-0.430355168695294,0.529828806813477,0.208665362110005,-0.430355168695294,0.512644700367829,-0.0317706487562133,-0.698115842944832,0.446247063917655
"TXN US",2022-10-19,2022-11-07,"US8825081040","Information Technology",-0.0298681598799467,0.293524141910636,0.488814354533865,0.165912216552457,0.8937068139246,0.542327927047337,-0.164723683739357,-0.504847377736931,0.451337081935364
"TXT US",2020-10-27,2022-11-07,"US8832031012","Industrials",0.0775392403960125,-0.758948604405207,0.529828806813477,0.208665362110005,0.604218126347788,0.512644700367829,-0.0317706487562133,0.640113285768284,0.446247063917655
"TYL US",2022-06-08,2022-11-07,"US9022521051","Information Technology",-0.0298681598799467,0.737837892667553,0.488814354533865,0.165912216552457,0.760758149650512,0.542327927047337,-0.164723683739357,-0.701036767662664,0.451337081935364
"UDR US",2020-10-27,2022-11-07,"US9026531049","Real Estate",0.274065804883037,-0.648032465407667,0.493441755380086,-0.149229739371511,-0.648032465407667,0.542721789503528,-0.319570169356543,-0.790103216082394,0.485429974023202
"ULTA US",2020-10-27,2022-11-07,"US90384S3031","Consumer Discretionary",-0.109068816928555,0.518349663657127,0.531510022562008,0.220277658005794,-0.690479299337702,0.469608921405082,-0.0496821076547926,0.426141239516585,0.440398988338778
"UNH US",2020-10-27,2022-11-07,"US91324P1021","Health Care",0.134229303087344,0.490125841140751,0.508297822310093,0.194442748380857,0.846671998489865,0.537281976863721,0.0225877011879323,0.100378667259457,0.582779256310135
"UPS US",2020-10-27,2022-11-07,"US9113121068","Industrials",0.0775392403960125,0.738704859650974,0.529828806813477,0.208665362110005,0.387591767228321,0.512644700367829,-0.0317706487562133,-0.0861606024620266,0.446247063917655
"USB US",2020-10-27,2022-11-07,"US9029733048","Financials",0.0929933540100568,0.673200562218552,0.567531132978112,0.130804025369291,0.0617206873602901,0.560762777541612,-0.0336434279022096,-0.26796179121601,0.449293601112833
"V US",2021-09-22,2022-11-07,"US92826C8394","Information Technology",-0.0298681598799467,-0.656862915081171,0.488814354533865,0.165912216552457,0.345475038010128,0.542327927047337,-0.164723683739357,-0.555221839515263,0.451337081935364
"VLO US",2020-10-27,2022-11-07,"US91913Y1001","Energy",0.225526480016109,0.750105580939005,0.458312571169148,-0.0272824042473993,0.65338713163642,0.463402148371466,0.0584882412742849,-0.441616061821335,0.423162496691864
"VMC US",2021-04-28,2022-11-07,"US9291601097","Materials",0.117145482357978,0.481353572013005,0.477931100785715,-0.105680324264287,0.64100094241465,0.396412292571032,0.030653856696264,-0.192246774002053,0.499508794250546
"VRSK US",2020-10-27,2022-11-07,"US92345Y1064","Industrials",0.0775392403960125,0.967939745035102,0.529828806813477,0.208665362110005,0.844022708154464,0.512644700367829,-0.0317706487562133,0.649741799026369,0.446247063917655
"VRSN US",2020-10-27,2022-11-07,"US92343E1029","Information Technology",-0.0298681598799467,0.820593792352638,0.488814354533865,0.165912216552457,0.886335162373699,0.542327927047337,-0.164723683739357,0.343450017684602,0.451337081935364
"VRTX US",2020-10-27,2022-11-07,"US92532F1003","Health Care",0.134229303087344,0.750713346788285,0.508297822310093,0.194442748380857,-0.612190332975552,0.537281976863721,0.0225877011879323,-0.225996684235336,0.582779256310135
"VTR US",2020-10-27,2022-11-07,"US92276F1003","Real Estate",0.274065804883037,-0.31994563729312,0.493441755380086,-0.149229739371511,-0.32083741310451,0.542721789503528,-0.319570169356543,0.025805317198878,0.485429974023202
"VZ US",2020-10-27,2022-11-07,"US92343V1044","Communication Services",0.306971197833877,NA,0.512842739558761,0.239777278066979,-0.0393195796934279,0.471312445553149,-0.308826089477367,0.112971670214461,0.367290146652025
"WAB US",2020-10-27,2022-11-07,"US9297401088","Industrials",0.0775392403960125,0.611623418542737,0.529828806813477,0.208665362110005,-0.611623418542737,0.512644700367829,-0.0317706487562133,-0.566682267899428,0.446247063917655
"WAT US",2022-06-27,2022-11-07,"US9418481035","Health Care",0.134229303087344,0.337471426813054,0.508297822310093,0.194442748380857,-0.560760243311572,0.537281976863721,0.0225877011879323,0.728637619230663,0.582779256310135
"WDC US",2020-10-27,2022-11-07,"US9581021055","Information Technology",-0.0298681598799467,-0.647686537622045,0.488814354533865,0.165912216552457,-0.57529419620246,0.542327927047337,-0.164723683739357,0.0944304144963102,0.451337081935364
"WELL US",2020-10-27,2022-11-07,"US95040Q1040","Real Estate",0.274065804883037,NA,0.493441755380086,-0.149229739371511,NA,0.542721789503528,-0.319570169356543,-0.825926037729478,0.485429974023202
"WFC US",2020-10-27,2022-11-07,"US9497461015","Financials",0.0929933540100568,-0.197491086509062,0.567531132978112,0.130804025369291,0.466087424818243,0.560762777541612,-0.0336434279022096,-0.57720706282938,0.449293601112833
"WM US",2020-10-27,2022-11-07,"US94106L1098","Industrials",0.0775392403960125,0.930920415813745,0.529828806813477,0.208665362110005,0.724138055136275,0.512644700367829,-0.0317706487562133,0.567343684231135,0.446247063917655
"WMT US",2020-10-27,2022-11-07,"US9311421039","Consumer Staples",0.214569636701728,0.684819871085674,0.446393983840053,0.261843712915606,0.888782914752704,0.419791369080568,-0.019985411792594,-0.298401788728063,0.407009184492001
"WRB US",2020-10-27,2022-11-07,"US0844231029","Financials",0.0929933540100568,-0.306239308244595,0.567531132978112,0.130804025369291,0.442903281905101,0.560762777541612,-0.0336434279022096,-0.574524746407141,0.449293601112833
"WTW US",2022-01-10,2022-11-07,"IE00BDB6Q211","Financials",0.0929933540100568,0.756572839694767,0.567531132978112,0.130804025369291,0.822630258472624,0.560762777541612,-0.0336434279022096,-0.659811900855968,0.449293601112833
"WYNN US",2020-10-27,2022-11-07,"US9831341071","Consumer Discretionary",-0.109068816928555,-0.526167541607564,0.531510022562008,0.220277658005794,-0.0950957752205875,0.469608921405082,-0.0496821076547926,-0.520403293168431,0.440398988338778
"XRAY US",2020-10-27,2022-11-07,"US24906P1093","Health Care",0.134229303087344,-0.619958758484138,0.508297822310093,0.194442748380857,0.796732028011723,0.537281976863721,0.0225877011879323,-0.773588516591575,0.582779256310135
"XYL US",2020-10-27,2022-11-07,"US98419M1009","Industrials",0.0775392403960125,0.119375718429148,0.529828806813477,0.208665362110005,0.734409305604309,0.512644700367829,-0.0317706487562133,-0.0769422416543436,0.446247063917655
"YUM US",2020-10-27,2022-11-07,"US9884981013","Consumer Discretionary",-0.109068816928555,-0.845085510251738,0.531510022562008,0.220277658005794,0.39357135734743,0.469608921405082,-0.0496821076547926,-0.0488949417066487,0.440398988338778
"ZBRA US",2020-10-27,2022-11-07,"US9892071054","Information Technology",-0.0298681598799467,-0.550467138325819,0.488814354533865,0.165912216552457,0.55046713832582,0.542327927047337,-0.164723683739357,-0.639593643202015,0.451337081935364
