"ISIN_CD","BB_TICKER_CD","carbon_intensity_direct_and_first_tier_indirect_correlation","carbon_emissions_scope_1_correlation","carbon_emissions_scope_2_correlation"
"AN8068571086","",-0.374224389587801,-0.453082321184848,-0.125998408372749
"AN8068571086","SLB US",-0.374224389587801,-0.453082321184848,-0.125998408372749
"BMG3223R1088","RE US",-0.416111751315495,-0.44883379048714,-0.269785296879205
"BMG491BT1088","",-0.194383132938839,-0.128894157498776,-0.212099522327339
"BMG491BT1088","IVZ US",-0.194383132938839,-0.128894157498776,-0.212099522327339
"BMG667211046","NCLH US",0.378521274163981,0.371937716361367,0.588407342375094
"CH0044328745","ACE US",-0.717727533912422,-0.796435947291061,-0.773223246318823
"CH0044328745","CB US",-0.717727533912422,-0.796435947291061,-0.773223246318823
"CH0044328745","",-0.717727533912422,-0.796435947291061,-0.773223246318823
"CH0102993182","TEL US",-0.499647706661654,-0.618216186948749,0.313136566681801
"CH0102993182","",-0.499647706661654,-0.618216186948749,0.313136566681801
"CH0114405324","GRMN US",-0.690430530410383,-0.549716622922227,-0.574350368399294
"CH0114405324","",-0.690430530410383,-0.549716622922227,-0.574350368399294
"IE00B4BNMY34","",-0.168626459330059,-0.22304182735811,-0.128166370524637
"IE00B4BNMY34","ACN US",-0.168626459330059,-0.22304182735811,-0.128166370524637
"IE00B8KQN827","ETN US",0.358323128879088,0.676771615171446,0.716945714997133
"IE00B8KQN827","",0.358323128879088,0.676771615171446,0.716945714997133
"IE00BDB6Q211","WLTW US",-0.829434489252066,-0.877293020311734,-0.625294902571123
"IE00BDB6Q211","WTW US",-0.829434489252066,-0.877293020311734,-0.625294902571123
"IE00BFRT3W74","ALLE US",0.0864476339532006,-0.298762232660213,0.306106207819628
"IE00BFRT3W74","",0.0864476339532006,-0.298762232660213,0.306106207819628
"IE00BFY8C754","STE US",0.183620997949357,0.0728557550000854,-0.145775953764537
"IE00BK9ZQ967","TT US",-0.350717097701238,-0.350717097701238,-0.350717097701238
"IE00BLS09M33","",-0.511607195853104,-0.293251414774898,-0.455722059815953
"IE00BLS09M33","PNR US",-0.511607195853104,-0.293251414774898,-0.455722059815953
"IE00BTN1Y115","MDT US",-0.584688372743791,-0.584688372743792,0.584688372743791
"IE00BY7QL619","JCI US",-0.171768973105169,0.531246621060307,-0.294663720162796
"IE00BY7QL619","TYC US",-0.171768973105169,0.531246621060307,-0.294663720162796
"JE00B783TY65","",-0.675603906704868,-0.683391266390103,-0.641550512363288
"JE00B783TY65","DLPH US",-0.675603906704868,-0.683391266390103,-0.641550512363288
"JE00B783TY65","APTV US",-0.675603906704868,-0.683391266390103,-0.641550512363288
"JE00BJ1F3079","AMCR US",0.229081425625241,-0.229081425625241,0.229081425625241
"LR0008862868","RCL US",-0.1703201030882,-0.171542145244658,-0.266250903250126
"NL0009434992","LYB US",-0.16311224799712,-0.253811016942308,-0.0275107105572202
"NL0009434992","",-0.16311224799712,-0.253811016942308,-0.0275107105572202
"PA1436583006","",0.0587739359150079,0.0530966354368298,0.0729818982200021
"PA1436583006","CCL US",0.0587739359150079,0.0530966354368298,0.0729818982200021
"US0010551028","AFL US",0.2365930169971,0.141133666016395,0.24522477736127
"US0010551028","",0.2365930169971,0.141133666016395,0.24522477736127
"US00130H1059","",0.164128908034306,0.118530025350249,0.338178753143707
"US00130H1059","AES US",0.164128908034306,0.118530025350249,0.338178753143707
"US00206R1023","T US",0.61886487789692,0.60235663190067,0.62607367731159
"US00206R1023","",0.61886487789692,0.60235663190067,0.62607367731159
"US0028241000","",-0.746100545812714,-0.773196511378911,-0.815878924357206
"US0028241000","ABT US",-0.746100545812714,-0.773196511378911,-0.815878924357206
"US00287Y1091","ABBV US",-0.734766930794429,-0.500921126340911,-0.739140565807196
"US00287Y1091","",-0.734766930794429,-0.500921126340911,-0.739140565807196
"US00507V1098","ATVI US",0.145142719531631,0.140448279548967,0.18133744164906
"US00724F1012","",0.127162030228659,0.125704411475923,0.0729745493695261
"US00724F1012","ADBE US",0.127162030228659,0.125704411475923,0.0729745493695261
"US00751Y1064","AAP US",0.112340901475159,0.144390539298635,0.156074737439932
"US0079031078","",0.189388553385826,-0.189388553385826,-0.189388553385826
"US0079031078","AMD US",0.189388553385826,-0.189388553385826,-0.189388553385826
"US00846U1016","A US",-0.48088308064837,-0.305703752477553,-0.649766236932344
"US00846U1016","",-0.48088308064837,-0.305703752477553,-0.649766236932344
"US0091581068","",0.649841865183964,0.638748574968926,-0.596743441629559
"US0091581068","APD US",0.649841865183964,0.638748574968926,-0.596743441629559
"US00971T1016","",0.622104997403971,-0.497853679368577,0.610657492486093
"US00971T1016","AKAM US",0.622104997403971,-0.497853679368577,0.610657492486093
"US0116591092","ALK US",-0.608969108151963,-0.630497211501718,0.604123409398484
"US0126531013","ALB US",0.281046265272013,-0.221111563759564,0.855571701359325
"US0152711091","ARE US",0.755070682220562,0.705903593719984,0.786394312014085
"US0162551016","ALGN US",-0.443724365282527,-0.330227020455155,-0.545168975621888
"US0188021085","LNT US",-0.456527783138818,-0.458503347293368,0.0134042999518279
"US0200021014","ALL US",-0.707228621081797,-0.818953511115872,-0.71570652900949
"US0200021014","",-0.707228621081797,-0.818953511115872,-0.71570652900949
"US02079K3059","GOOGL US",-0.263975686278937,-0.283054535468772,-0.264234681683897
"US0231351067","AMZN US",0.139187236323179,-0.675381843703589,0.378124431007639
"US0231351067","",0.139187236323179,-0.675381843703589,0.378124431007639
"US0236081024","",0.119495805484778,-0.581512227474419,-0.8321980232389
"US0236081024","AEE US",0.119495805484778,-0.581512227474419,-0.8321980232389
"US0255371017","",-0.253052689334348,-0.230929162949726,-0.244671230192265
"US0255371017","AEP US",-0.253052689334348,-0.230929162949726,-0.244671230192265
"US0258161092","AXP US",-0.459186040259072,-0.559948584752606,-0.490399931079797
"US0258161092","",-0.459186040259072,-0.559948584752606,-0.490399931079797
"US0268747849","AIG US",-0.142343558129335,-0.249634493473089,-0.485704855055274
"US0268747849","",-0.142343558129335,-0.249634493473089,-0.485704855055274
"US03027X1000","AMT US",0.687061852491306,0.661203225612944,0.671079057533123
"US03027X1000","",0.687061852491306,0.661203225612944,0.671079057533123
"US0304201033","AWK US",-0.78200638868104,0.176553756508274,-0.783261791600696
"US03073E1055","ABC US",-0.788871163586787,-0.0174825915889539,-0.326191939763808
"US03073E1055","",-0.788871163586787,-0.0174825915889539,-0.326191939763808
"US03076C1062","",-0.675927767267079,-0.195317405218642,-0.689087692707671
"US03076C1062","AMP US",-0.675927767267079,-0.195317405218642,-0.689087692707671
"US0311001004","",-0.815902964678806,-0.638677595971711,-0.680544669768288
"US0311001004","AME US",-0.815902964678806,-0.638677595971711,-0.680544669768288
"US0311621009","AMGN US",-0.341351774431908,0.664729962167816,-0.750530894845749
"US0311621009","",-0.341351774431908,0.664729962167816,-0.750530894845749
"US0320951017","APH US",0.263053417020443,0.254015567687189,0.264588607055164
"US0320951017","",0.263053417020443,0.254015567687189,0.264588607055164
"US0326541051","",0.36491257293949,0.63431712848206,0.183045558433663
"US0326541051","ADI US",0.36491257293949,0.63431712848206,0.183045558433663
"US03662Q1058","ANSS US",0.258330939791428,-0.0875416595776123,0.361348721953228
"US0367521038","ANTM US",-0.800516521391369,-0.187495948901906,-0.741737750337864
"US0367521038","ELV US",-0.800516521391369,-0.187495948901906,-0.741737750337864
"US0378331005","AAPL US",-0.726861378035844,-0.625957370146259,-0.689500181348421
"US0378331005","",-0.726861378035844,-0.625957370146259,-0.689500181348421
"US0382221051","AMAT US",-0.870166627118073,-0.877277007720178,-0.627215451083429
"US0382221051","",-0.870166627118073,-0.877277007720178,-0.627215451083429
"US0404131064","ANET US",0.312502872114541,0.312502872114541,0.312502872114541
"US04621X1081","AIZ US",-0.213242371425809,0.373448354335181,-0.16671697094762
"US04621X1081","",-0.213242371425809,0.373448354335181,-0.16671697094762
"US0495601058","ATO US",0.579584313851157,0.5068548906871,0.28918801728262
"US0527691069","",-0.347473028856727,0.701773251804536,-0.359366823307249
"US0527691069","ADSK US",-0.347473028856727,0.701773251804536,-0.359366823307249
"US0530151036","ADP US",-0.782092937513182,-0.811253482201372,-0.73196166200128
"US0530151036","",-0.782092937513182,-0.811253482201372,-0.73196166200128
"US0533321024","",-0.257225723667666,0.635678475449614,-0.290686457725762
"US0533321024","AZO US",-0.257225723667666,0.635678475449614,-0.290686457725762
"US0534841012","",-0.338151311565301,-0.366524114395785,-0.333182970491964
"US0534841012","AVB US",-0.338151311565301,-0.366524114395785,-0.333182970491964
"US0536111091","AVY US",0.36281587863225,0.568377718808285,0.809027669766378
"US0536111091","",0.36281587863225,0.568377718808285,0.809027669766378
"US0584981064","BALL US",0.221364616522774,0.227408359460886,0.202914877571454
"US0584981064","BLL US",0.221364616522774,0.227408359460886,0.202914877571454
"US0584981064","",0.221364616522774,0.227408359460886,0.202914877571454
"US0605051046","BAC US",-0.723040463169309,-0.695012520442011,-0.73462220724635
"US0605051046","",-0.723040463169309,-0.695012520442011,-0.73462220724635
"US0640581007","BK US",0.0985120840425102,-0.338398308060327,0.127120966648473
"US0640581007","",0.0985120840425102,-0.338398308060327,0.127120966648473
"US0718131099","",-0.187311059348781,-0.150910228055964,-0.00561742124342741
"US0718131099","BAX US",-0.187311059348781,-0.150910228055964,-0.00561742124342741
"US0758871091","",-0.351870273896938,0.373990632469832,-0.359232666563577
"US0758871091","BDX US",-0.351870273896938,0.373990632469832,-0.359232666563577
"US0844231029","WRB US",0.188836375277684,-0.188836375277683,-0.188836375277683
"US0865161014","BBY US",-0.514295084433294,-0.382238015744648,-0.308666497173731
"US0865161014","",-0.514295084433294,-0.382238015744648,-0.308666497173731
"US0905722072","BIO US",-0.23777396870608,0.23777396870608,-0.23777396870608
"US09062X1037","BIIB US",0.375386074413469,-0.375386074413469,0.375386074413469
"US09062X1037","",0.375386074413469,-0.375386074413469,0.375386074413469
"US09247X1019","",-0.367240797599246,-0.141355650075743,-0.566407418292249
"US09247X1019","BLK US",-0.367240797599246,-0.141355650075743,-0.566407418292249
"US0970231058","",0.689147788256524,-0.631943519714348,-0.48362984025711
"US0970231058","BA US",0.689147788256524,-0.631943519714348,-0.48362984025711
"US09857L1089","BKNG US",-0.672752179659001,0.258201559054444,-0.250858460234674
"US0997241064","BWA US",0.0120428430517986,0.360260316139655,0.351530583125619
"US0997241064","",0.0120428430517986,0.360260316139655,0.351530583125619
"US1011211018","",0.457881846826191,0.176489139004442,0.452642723674724
"US1011211018","BXP US",0.457881846826191,0.176489139004442,0.452642723674724
"US1011371077","",0.162115130052805,0.206128011568428,-0.079491481211487
"US1011371077","BSX US",0.162115130052805,0.206128011568428,-0.079491481211487
"US1101221083","BMY US",-0.664065592664302,-0.507727317768692,-0.583511071485259
"US1101221083","",-0.664065592664302,-0.507727317768692,-0.583511071485259
"US11133T1034","BR US",0.412280132096162,-0.412280132096162,0.412280132096162
"US11135F1012","AVGO US",-0.729284287467861,0.548313846997014,-0.748583371429885
"US1156372096","BF/B US",0.641277579788599,0.622620969735289,0.642020522799112
"US1156372096","",0.641277579788599,0.622620969735289,0.642020522799112
"US12503M1080","CBOE US",-0.55340222561706,-0.163118398663062,-0.514773786151704
"US12504L1098","CBG US",-0.646274085803138,-0.572786057349917,-0.669280455490872
"US12504L1098","",-0.646274085803138,-0.572786057349917,-0.669280455490872
"US12504L1098","CBRE US",-0.646274085803138,-0.572786057349917,-0.669280455490872
"US12514G1085","CDW US",-0.789619266946974,-0.100635925420261,-0.304342474865001
"US1252691001","",0.243101835018854,0.271925812444361,-0.0562216163153566
"US1252691001","CF US",0.243101835018854,0.271925812444361,-0.0562216163153566
"US12541W2098","CHRW US",-0.715442493720353,-0.712764607908297,-0.71708306046368
"US12541W2098","",-0.715442493720353,-0.712764607908297,-0.71708306046368
"US1255231003","CI US",-0.290347738621189,-0.765903803886163,-0.814431709991993
"US12572Q1058","",-0.31522621363254,-0.709428954800398,-0.138336114603122
"US12572Q1058","CME US",-0.31522621363254,-0.709428954800398,-0.138336114603122
"US1258961002","CMS US",-0.10386816594053,-0.107394622873615,0.0919312961971105
"US1258961002","",-0.10386816594053,-0.107394622873615,0.0919312961971105
"US1264081035","",0.458919249709794,0.450446188200487,0.409255736352682
"US1264081035","CSX US",0.458919249709794,0.450446188200487,0.409255736352682
"US1266501006","CVS US",-0.650568143407227,-0.696666421396533,-0.72023786282157
"US1266501006","",-0.650568143407227,-0.696666421396533,-0.72023786282157
"US1270971039","COG US",-0.314699885885088,-0.299283616406607,-0.57985029602002
"US1270971039","CTRA US",-0.314699885885088,-0.299283616406607,-0.57985029602002
"US1270971039","",-0.314699885885088,-0.299283616406607,-0.57985029602002
"US1273871087","CDNS US",0.176844465418017,-0.371733067872805,0.238251284568698
"US14040H1059","",-0.428478316066765,-0.434115895030234,-0.389967713828399
"US14040H1059","COF US",-0.428478316066765,-0.434115895030234,-0.389967713828399
"US14149Y1082","CAH US",-0.367596081660486,-0.288366778279797,0.219627473174645
"US14149Y1082","",-0.367596081660486,-0.288366778279797,0.219627473174645
"US1431301027","",-0.336656940522352,0.0978174542483374,-0.543709217495891
"US1431301027","KMX US",-0.336656940522352,0.0978174542483374,-0.543709217495891
"US1491231015","",-0.16148945659625,-0.353178233117108,-0.463324485723346
"US1491231015","CAT US",-0.16148945659625,-0.353178233117108,-0.463324485723346
"US15135B1017","CNC US",0.316822035302316,0.465514943199365,0.169409310821726
"US15189T1079","CNP US",0.267549345977636,0.358440262057546,0.264258091713772
"US15189T1079","",0.267549345977636,0.358440262057546,0.264258091713772
"US16119P1084","CHTR US",-0.266722755613007,-0.181539677032458,-0.259798618813447
"US1667641005","CVX US",-0.177580914129449,-0.182263603375457,-0.178804689052581
"US1667641005","",-0.177580914129449,-0.182263603375457,-0.178804689052581
"US1696561059","CMG US",-0.858440759348089,-0.882508291005347,-0.845019915773185
"US1696561059","",-0.858440759348089,-0.882508291005347,-0.845019915773185
"US1720621010","CINF US",-0.209058479070925,-0.202626157677361,-0.19321463572274
"US1720621010","",-0.209058479070925,-0.202626157677361,-0.19321463572274
"US17275R1023","",-0.801158680601183,-0.801158680601183,-0.801158680601183
"US17275R1023","CSCO US",-0.801158680601183,-0.801158680601183,-0.801158680601183
"US1729081059","CTAS US",-0.611042269152936,0.207399564355741,-0.259139007220964
"US1729081059","",-0.611042269152936,0.207399564355741,-0.259139007220964
"US1729674242","",0.164080641447803,-0.0290709243254207,0.126607261153913
"US1729674242","C US",0.164080641447803,-0.0290709243254207,0.126607261153913
"US1746101054","CFG US",-0.078418475073541,-0.0756073721403746,-0.0773626597441134
"US1924461023","",0.0898091257444004,-0.0350639645888431,0.113794377063812
"US1924461023","CTSH US",0.0898091257444004,-0.0350639645888431,0.113794377063812
"US20030N1019","CMCSA US",0.542856348915227,0.579738359557141,0.529279857815031
"US20030N1019","",0.542856348915227,0.579738359557141,0.529279857815031
"US2003401070","CMA US",0.516132583122314,0.598578997563513,0.509174104751017
"US2003401070","",0.516132583122314,0.598578997563513,0.509174104751017
"US20825C1045","",0.168919462089025,0.152400043348832,0.268627580056312
"US20825C1045","COP US",0.168919462089025,0.152400043348832,0.268627580056312
"US2091151041","",0.415341799129603,0.10039832204054,0.249817346790609
"US2091151041","ED US",0.415341799129603,0.10039832204054,0.249817346790609
"US2166484020","COO US",-0.548516073452255,-0.189143141450091,-0.179752667326361
"US2172041061","CPRT US",-0.662861282811337,-0.288287884947516,-0.685055161031248
"US2193501051","",0.736738869446835,0.654598026328966,0.744473054558999
"US2193501051","GLW US",0.736738869446835,0.654598026328966,0.744473054558999
"US22160K1051","COST US",0.576500279637427,0.73671768903376,0.581722699256764
"US22160K1051","",0.576500279637427,0.73671768903376,0.581722699256764
"US2310211063","CMI US",-0.38444301416834,-0.63249012798949,-0.647118335076505
"US2310211063","",-0.38444301416834,-0.63249012798949,-0.647118335076505
"US23331A1097","DHI US",-0.846821716052258,-0.782727001927222,-0.692961582063341
"US23331A1097","",-0.846821716052258,-0.782727001927222,-0.692961582063341
"US2333311072","",-0.0624350723941272,-0.0674086104288994,0.0508094942722363
"US2333311072","DTE US",-0.0624350723941272,-0.0674086104288994,0.0508094942722363
"US23355L1061","DXC US",-0.728283393921111,-0.66680985211414,-0.675428616580863
"US2358511028","",-0.844054041905057,-0.907706005059314,-0.865130942346437
"US2358511028","DHR US",-0.844054041905057,-0.907706005059314,-0.865130942346437
"US2371941053","",-0.473442862077907,-0.652326532010698,-0.366060435124292
"US2371941053","DRI US",-0.473442862077907,-0.652326532010698,-0.366060435124292
"US23918K1088","DVA US",-0.725014543123168,-0.776443898483964,0.811669327064066
"US23918K1088","",-0.725014543123168,-0.776443898483964,0.811669327064066
"US2441991054","DE US",-0.91994786668909,-0.918585468227549,-0.931948253609133
"US2441991054","",-0.91994786668909,-0.918585468227549,-0.931948253609133
"US2473617023","DAL US",-0.173661179057479,0.174846352572294,0.463008139667537
"US2473617023","",-0.173661179057479,0.174846352572294,0.463008139667537
"US24906P1093","XRAY US",0.22762468609952,0.156107186304787,0.378769662022801
"US25179M1036","DVN US",0.181128761340446,0.147137158319028,0.109492065141516
"US25179M1036","",0.181128761340446,0.147137158319028,0.109492065141516
"US2538681030","DLR US",0.759031199962567,0.714491907050299,0.758131053823832
"US2546871060","",0.423782130921303,0.0931984015219684,0.353253012360106
"US2546871060","DIS US",0.423782130921303,0.0931984015219684,0.353253012360106
"US2547091080","DFS US",-0.553659416828706,-0.581777461265735,-0.503625657951696
"US2547091080","",-0.553659416828706,-0.581777461265735,-0.503625657951696
"US25470M1099","DISH US",0.198130380940616,-0.30359605980627,-0.0610584625997469
"US2566771059","DG US",-0.921597035543545,-0.0816538402829849,-0.894826873199974
"US2566771059","",-0.921597035543545,-0.0816538402829849,-0.894826873199974
"US2567461080","DLTR US",-0.10916180351058,-0.0119724465923116,-0.161313318338879
"US2567461080","",-0.10916180351058,-0.0119724465923116,-0.161313318338879
"US25746U1097","D US",0.318493616982862,0.0879382202490446,0.196579300815615
"US25746U1097","",0.318493616982862,0.0879382202490446,0.196579300815615
"US25754A2015","DPZ US",0.339727904896839,0.349975989207537,0.302341334514819
"US2600031080","",-0.609126323390324,-0.237644022580106,-0.237700917812812
"US2600031080","DOV US",-0.609126323390324,-0.237644022580106,-0.237700917812812
"US26441C2044","DUK US",-0.446028444544913,-0.461543590020114,-0.101365384316583
"US26441C2044","",-0.446028444544913,-0.461543590020114,-0.101365384316583
"US26614N1028","DD US",-0.680608050383056,-0.680608050383057,-0.680608050383056
"US26614N1028","",-0.680608050383056,-0.680608050383057,-0.680608050383056
"US26875P1012","",0.315278053088447,0.33459898777415,-0.540192720076495
"US26875P1012","EOG US",0.315278053088447,0.33459898777415,-0.540192720076495
"US26884L1098","EQT US",-0.640798107649976,-0.67595617819677,-0.841890973414421
"US26884L1098","",-0.640798107649976,-0.67595617819677,-0.841890973414421
"US2774321002","",0.0367260952683563,-0.233569077744605,0.201424988796354
"US2774321002","EMN US",0.0367260952683563,-0.233569077744605,0.201424988796354
"US2786421030","EBAY US",0.657974409387511,-0.518568196139093,-0.397026438808476
"US2786421030","",0.657974409387511,-0.518568196139093,-0.397026438808476
"US2788651006","ECL US",-0.181044771178381,0.480815394196356,0.480544587589993
"US2788651006","",-0.181044771178381,0.480815394196356,0.480544587589993
"US2810201077","EIX US",0.0892634369890706,0.0682503837020622,-0.0105271653226673
"US2810201077","",0.0892634369890706,0.0682503837020622,-0.0105271653226673
"US28176E1082","",0.32144431299325,0.34131658919376,0.319166018025188
"US28176E1082","EW US",0.32144431299325,0.34131658919376,0.319166018025188
"US2855121099","EA US",0.0809620797368592,-0.191742882747129,-0.48949740771729
"US2855121099","",0.0809620797368592,-0.191742882747129,-0.48949740771729
"US2910111044","EMR US",-0.206926836714205,-0.346433643137793,0.640122867613899
"US2910111044","",-0.206926836714205,-0.346433643137793,0.640122867613899
"US29355A1079","ENPH US",-0.871870666885753,-0.871870666885753,0.871870666885753
"US29364G1031","ETR US",0.49220364674112,0.478951681482362,-0.842012997312321
"US29364G1031","",0.49220364674112,0.478951681482362,-0.842012997312321
"US2944291051","EFX US",-0.307140883194892,-0.194708811601017,-0.323473857313038
"US2944291051","",-0.307140883194892,-0.194708811601017,-0.323473857313038
"US29444U7000","EQIX US",-0.85915562264764,0.81399662380207,-0.861687173707991
"US29476L1070","EQR US",-0.207799836060872,0.127691125235376,-0.176985106863142
"US29476L1070","",-0.207799836060872,0.127691125235376,-0.176985106863142
"US2971781057","ESS US",-0.097781405938607,0.20790457123223,-0.123947004932699
"US2971781057","",-0.097781405938607,0.20790457123223,-0.123947004932699
"US30161N1019","",0.458080424954895,0.333481370974516,0.314879075889021
"US30161N1019","EXC US",0.458080424954895,0.333481370974516,0.314879075889021
"US30212P3038","EXPE US",0.104272634170283,0.0730635703351559,0.131546481711014
"US30212P3038","",0.104272634170283,0.0730635703351559,0.131546481711014
"US3021301094","",-0.458070876528751,0.256837014448393,-0.571483305602687
"US3021301094","EXPD US",-0.458070876528751,0.256837014448393,-0.571483305602687
"US30225T1025","EXR US",0.639121028325453,0.794251863598843,0.574269788292568
"US30231G1022","XOM US",0.565582435612756,0.525839319189455,0.595445372834499
"US30231G1022","",0.565582435612756,0.525839319189455,0.595445372834499
"US3024913036","",-0.726578464639947,-0.778846656679093,0.245805340936355
"US3024913036","FMC US",-0.726578464639947,-0.778846656679093,0.245805340936355
"US30303M1027","META US",0.354588101076655,0.530549992102198,0.352354388889457
"US30303M1027","",0.354588101076655,0.530549992102198,0.352354388889457
"US30303M1027","FB US",0.354588101076655,0.530549992102198,0.352354388889457
"US3030751057","FDS US",-0.101051007037958,-0.101051007037958,-0.101051007037958
"US3119001044","",0.146614535868353,0.231724456677242,-0.287814773415067
"US3119001044","FAST US",0.146614535868353,0.231724456677242,-0.287814773415067
"US31428X1063","FDX US",-0.658155885183677,-0.658155885183677,-0.658155885183677
"US31428X1063","",-0.658155885183677,-0.658155885183677,-0.658155885183677
"US3156161024","FFIV US",-0.0969401169084618,-0.114115397810534,0.280103590920781
"US3156161024","",-0.0969401169084618,-0.114115397810534,0.280103590920781
"US31620M1062","FIS US",-0.829513223325478,-0.830288758637597,-0.829260923570494
"US31620M1062","",-0.829513223325478,-0.830288758637597,-0.829260923570494
"US3167731005","",-0.555520276027226,-0.687376861035904,-0.543978743494658
"US3167731005","FITB US",-0.555520276027226,-0.687376861035904,-0.543978743494658
"US33616C1009","FRC US",-0.763910005448486,-0.761049399222144,-0.711017720699907
"US3377381088","FISV US",0.0398405397879251,0.0268491192233315,-0.0160836979734496
"US3377381088","",0.0398405397879251,0.0268491192233315,-0.0160836979734496
"US3379321074","FE US",-0.218547450904891,-0.297922886234591,-0.134869766910639
"US3379321074","",-0.218547450904891,-0.297922886234591,-0.134869766910639
"US3453708600","F US",-0.178889204352618,0.0320154195624963,-0.195223406365272
"US3453708600","",-0.178889204352618,0.0320154195624963,-0.195223406365272
"US34959E1091","FTNT US",0.702476984837183,0.71877452412024,-0.710312461535308
"US34959J1088","FTV US",0.314828927530381,0.152291407732777,0.248157979971382
"US3546131018","",-0.669998727121616,-0.405341948677808,-0.460158980167414
"US3546131018","BEN US",-0.669998727121616,-0.405341948677808,-0.460158980167414
"US35671D8570","",-0.924887621045626,-0.921164925532083,-0.855803039829443
"US35671D8570","FCX US",-0.924887621045626,-0.921164925532083,-0.855803039829443
"US3635761097","AJG US",0.633547134057582,-0.388831529539068,0.46213578673318
"US3666511072","IT US",0.114171866163076,-0.0987028282912509,-0.532009765763158
"US3687361044","GNRC US",-0.747239807778408,0.747239807778407,-0.747239807778408
"US3695501086","",-0.346205538637051,-0.450893556524339,0.208734190502416
"US3695501086","GD US",-0.346205538637051,-0.450893556524339,0.208734190502416
"US37045V1008","GM US",-0.543345871604417,-0.532378903832547,-0.439639358829107
"US37045V1008","",-0.543345871604417,-0.532378903832547,-0.439639358829107
"US3724601055","GPC US",-0.632988882165012,-0.571630569271999,-0.544779312493831
"US3724601055","",-0.632988882165012,-0.571630569271999,-0.544779312493831
"US3755581036","GILD US",0.166719718937941,0.16671971893794,0.16671971893794
"US3755581036","",0.166719718937941,0.16671971893794,0.16671971893794
"US37940X1028","GPN US",0.0388379554827941,0.0998998416495178,0.116594098767883
"US38141G1040","",-0.343733340112948,-0.615844760400786,-0.764845321729527
"US38141G1040","GS US",-0.343733340112948,-0.615844760400786,-0.764845321729527
"US3848021040","",-0.912252572669682,-0.661804155679917,-0.899493471184462
"US3848021040","GWW US",-0.912252572669682,-0.661804155679917,-0.899493471184462
"US40434L1052","HPQ US",-0.721150928771103,-0.60399157441135,-0.506336872195578
"US4062161017","HAL US",0.726276181487983,0.703268685993865,-0.170254735395135
"US4062161017","",0.726276181487983,0.703268685993865,-0.170254735395135
"US4165151048","HIG US",-0.650755348034225,-0.695394297836651,-0.58964257714224
"US4165151048","",-0.650755348034225,-0.695394297836651,-0.58964257714224
"US4180561072","HAS US",0.114906903325148,-0.122882025719445,0.322453412806649
"US4180561072","",0.114906903325148,-0.122882025719445,0.322453412806649
"US42250P1030","PEAK US",0.567454039109178,0.473366572514476,0.55211532430989
"US4262811015","JKHY US",-0.690128645317063,0.690128645317063,-0.690128645317063
"US42809H1077","HES US",-0.398712003043893,-0.407301998207739,-0.273153056113859
"US42809H1077","",-0.398712003043893,-0.407301998207739,-0.273153056113859
"US42824C1099","HPE US",0.121868097501116,-0.325372024797053,0.151539469905162
"US4364401012","HOLX US",-0.886669157013582,-0.861533223728826,-0.861409167189985
"US4370761029","",-0.860350019591241,0.529243044960157,-0.867215218496927
"US4370761029","HD US",-0.860350019591241,0.529243044960157,-0.867215218496927
"US4385161066","",-0.697604284493768,-0.672673744361735,-0.632848544537064
"US4385161066","HON US",-0.697604284493768,-0.672673744361735,-0.632848544537064
"US44107P1049","",0.289129297638507,0.0227846962264629,0.37912203511711
"US44107P1049","HST US",0.289129297638507,0.0227846962264629,0.37912203511711
"US4448591028","HUM US",-0.844022464042304,-0.778941257842687,-0.846449293061499
"US4448591028","",-0.844022464042304,-0.778941257842687,-0.846449293061499
"US4456581077","JBHT US",-0.683163320350215,-0.69186160018726,-0.728937359054822
"US4456581077","",-0.683163320350215,-0.69186160018726,-0.728937359054822
"US4461501045","",-0.26750999852335,-0.0538725396936937,-0.268904659876424
"US4461501045","HBAN US",-0.26750999852335,-0.0538725396936937,-0.268904659876424
"US4464131063","HII US",0.568348943923862,0.640584489635682,0.411270544670782
"US45167R1041","IEX US",0.562410506818479,-0.56241050681848,-0.562410506818479
"US45168D1046","IDXX US",-0.609223535109272,-0.763051619388084,-0.180962778482191
"US4523081093","",-0.811582021523764,0.406585971984384,-0.81364313349176
"US4523081093","ITW US",-0.811582021523764,0.406585971984384,-0.81364313349176
"US4523271090","ILMN US",0.199307599962691,0.256610440245875,0.118774787004364
"US45337C1027","",0.424703922348012,0.578448509540644,-0.496334824883293
"US45337C1027","INCY US",0.424703922348012,0.578448509540644,-0.496334824883293
"US45687V1061","IR US",-0.937338790724607,-0.937338790724607,-0.937338790724607
"US4581401001","",0.152770777951713,-0.475564057012187,0.292401603166774
"US4581401001","INTC US",0.152770777951713,-0.475564057012187,0.292401603166774
"US45866F1049","",-0.327972924394717,-0.303073036732343,-0.188624173293616
"US45866F1049","ICE US",-0.327972924394717,-0.303073036732343,-0.188624173293616
"US4592001014","",-0.384612819715832,-0.0871787073294236,-0.424599764329185
"US4592001014","IBM US",-0.384612819715832,-0.0871787073294236,-0.424599764329185
"US4595061015","IFF US",-0.190129315189342,0.00649708766406637,0.230372036640664
"US4595061015","",-0.190129315189342,0.00649708766406637,0.230372036640664
"US4601461035","IP US",-0.296983091494351,-0.481642807998191,0.331197416774097
"US4601461035","",-0.296983091494351,-0.481642807998191,0.331197416774097
"US4606901001","IPG US",-0.409172365331578,-0.644521148976347,-0.614314516610578
"US4606901001","",-0.409172365331578,-0.644521148976347,-0.614314516610578
"US4612021034","INTU US",-0.875872850621866,-0.818064915746262,-0.864373820491208
"US4612021034","",-0.875872850621866,-0.818064915746262,-0.864373820491208
"US46120E6023","ISRG US",0.0486669727800876,0.544764623011256,-0.113296598216391
"US46120E6023","",0.0486669727800876,0.544764623011256,-0.113296598216391
"US46266C1053","IQV US",-0.770166012757968,-0.811771330708591,-0.100527725136413
"US46625H1005","",-0.698438328782526,-0.656776788885817,-0.694386509127974
"US46625H1005","JPM US",-0.698438328782526,-0.656776788885817,-0.694386509127974
"US4781601046","JNJ US",-0.275250094422522,0.575576880094685,-0.826776267298937
"US4781601046","",-0.275250094422522,0.575576880094685,-0.826776267298937
"US48203R1041","JNPR US",-0.00688340571795557,0.530484965815945,-0.20545485290297
"US48203R1041","",-0.00688340571795557,0.530484965815945,-0.20545485290297
"US4824801009","KLAC US",0.934532117156096,0.934532117156096,0.934532117156096
"US4824801009","",0.934532117156096,0.934532117156096,0.934532117156096
"US4932671088","KEY US",-0.35838035671523,-0.275062460060388,-0.34976716437861
"US4932671088","",-0.35838035671523,-0.275062460060388,-0.34976716437861
"US49338L1035","KEYS US",-0.330216111100679,0.218268597824628,-0.322016829713974
"US49446R1095","",-0.492834622554254,-0.531443463793116,-0.482071376817538
"US49446R1095","KIM US",-0.492834622554254,-0.531443463793116,-0.482071376817538
"US49456B1017","",0.0715377951797684,0.0887885252213181,0.00314806755662729
"US49456B1017","KMI US",0.0715377951797684,0.0887885252213181,0.00314806755662729
"US5010441013","",-0.413364814168548,0.421204585971693,-0.414724822870986
"US5010441013","KR US",-0.413364814168548,0.421204585971693,-0.414724822870986
"US5018892084","LKQ US",-0.480152154320862,-0.530199208498352,-0.611604435193713
"US5024311095","LHX US",-0.522206217536103,-0.522206217536103,-0.522206217536103
"US5024311095","",-0.522206217536103,-0.522206217536103,-0.522206217536103
"US50540R4092","",-0.60480283268089,-0.437985725399328,-0.872464445774308
"US50540R4092","LH US",-0.60480283268089,-0.437985725399328,-0.872464445774308
"US5128071082","LRCX US",-0.697508459743575,-0.708656761161243,-0.643857489545708
"US5128071082","",-0.697508459743575,-0.708656761161243,-0.643857489545708
"US5253271028","LDOS US",0.134803809090815,0.134803809090815,0.134803809090815
"US5253271028","",0.134803809090815,0.134803809090815,0.134803809090815
"US5260571048","",-0.749959092025755,-0.613680797926388,-0.724899534321656
"US5260571048","LEN US",-0.749959092025755,-0.613680797926388,-0.724899534321656
"US5324571083","",-0.869555990629809,-0.733360552678345,-0.923868758903592
"US5324571083","LLY US",-0.869555990629809,-0.733360552678345,-0.923868758903592
"US5341871094","LNC US",0.381557250930176,0.35433636881251,0.337220418700025
"US5341871094","",0.381557250930176,0.35433636881251,0.337220418700025
"US5380341090","LYV US",-0.621701048095133,-0.204149390622092,-0.49301024928358
"US5398301094","",-0.413298149308731,0.397366766798472,-0.635011869096016
"US5398301094","LMT US",-0.413298149308731,0.397366766798472,-0.635011869096016
"US5486611073","",0.0628679154870348,0.483005218317966,0.00427458561199399
"US5486611073","LOW US",0.0628679154870348,0.483005218317966,0.00427458561199399
"US55261F1049","",0.403271282425439,0.328339330773423,-0.0578622307426011
"US55261F1049","MTB US",0.403271282425439,0.328339330773423,-0.0578622307426011
"US55354G1004","MSCI US",-0.642664698494926,-0.652658335620416,-0.628219466468945
"US5658491064","MRO US",0.59218439932267,0.541433954982871,0.733245109843333
"US5658491064","",0.59218439932267,0.541433954982871,0.733245109843333
"US56585A1025","",0.404697188632252,0.486416775890885,0.464913110057844
"US56585A1025","MPC US",0.404697188632252,0.486416775890885,0.464913110057844
"US57060D1081","MKTX US",-0.163217155354555,0.329896734704898,-0.232877653081985
"US5717481023","",-0.210808694579577,0.783637882014368,-0.608235894333642
"US5717481023","MMC US",-0.210808694579577,0.783637882014368,-0.608235894333642
"US5719032022","",0.178284621037288,0.186827381255588,0.176405390039915
"US5719032022","MAR US",0.178284621037288,0.186827381255588,0.176405390039915
"US5732841060","MLM US",0.497445624475346,0.681002826144305,0.717546856693727
"US5732841060","",0.497445624475346,0.681002826144305,0.717546856693727
"US5745991068","MAS US",-0.68905283319404,-0.732105365228295,-0.775069496417408
"US5745991068","",-0.68905283319404,-0.732105365228295,-0.775069496417408
"US57636Q1040","",-0.557537278382158,-0.414484095806609,-0.73044732361166
"US57636Q1040","MA US",-0.557537278382158,-0.414484095806609,-0.73044732361166
"US5801351017","",-0.812141303601383,-0.827753153400611,-0.790215898625661
"US5801351017","MCD US",-0.812141303601383,-0.827753153400611,-0.790215898625661
"US58155Q1031","MCK US",0.64317260988688,-0.503429206481072,0.633301501504252
"US58155Q1031","",0.64317260988688,-0.503429206481072,0.633301501504252
"US58933Y1055","",-0.545880846680075,-0.545880846680074,-0.545880846680075
"US58933Y1055","MRK US",-0.545880846680075,-0.545880846680074,-0.545880846680075
"US59156R1086","",-0.478028580377743,0.0389493459971683,-0.309046662534175
"US59156R1086","MET US",-0.478028580377743,0.0389493459971683,-0.309046662534175
"US5926881054","MTD US",0.334853031602851,-0.570858035838823,-0.144906463462509
"US5926881054","",0.334853031602851,-0.570858035838823,-0.144906463462509
"US5949181045","",0.222103066392942,-0.222103066392942,0.222103066392942
"US5949181045","MSFT US",0.222103066392942,-0.222103066392942,0.222103066392942
"US5950171042","",0.339006594378605,0.281233624913117,-0.0605143066578812
"US5950171042","MCHP US",0.339006594378605,0.281233624913117,-0.0605143066578812
"US5951121038","",0.0877598669723289,0.43184658520849,-0.107139157505234
"US5951121038","MU US",0.0877598669723289,0.43184658520849,-0.107139157505234
"US59522J1034","MAA US",-0.579066757454731,-0.685751092763565,-0.500915530430126
"US6081901042","MHK US",0.221648500896669,0.550122425095878,0.0833363940542934
"US6081901042","",0.221648500896669,0.550122425095878,0.0833363940542934
"US6098391054","MPWR US",-0.388197537916362,0.388197537916362,-0.388197537916362
"US6153691059","MCO US",0.638838040494083,-0.681838088537077,0.464408091591902
"US6153691059","",0.638838040494083,-0.681838088537077,0.464408091591902
"US6174464486","",-0.653087000031016,-0.617917363491635,-0.768436551893668
"US6174464486","MS US",-0.653087000031016,-0.617917363491635,-0.768436551893668
"US61945C1036","",-0.832847175201169,0.609873091712828,-0.842634562949106
"US61945C1036","MOS US",-0.832847175201169,0.609873091712828,-0.842634562949106
"US6200763075","",-0.907818666545322,-0.833217841037257,-0.9149477378446
"US6200763075","MSI US",-0.907818666545322,-0.833217841037257,-0.9149477378446
"US6293775085","",-0.187509626272938,-0.182442177866438,0.320891344407255
"US6293775085","NRG US",-0.187509626272938,-0.182442177866438,0.320891344407255
"US62944T1051","NVR US",-0.233632361402683,-0.171657015975924,-0.422284165528761
"US6311031081","NDAQ US",-0.632543997577899,-0.682699077294796,-0.629405449748437
"US6311031081","",-0.632543997577899,-0.682699077294796,-0.629405449748437
"US64110D1046","",0.00419059050006348,-0.249248738617227,-0.288662023834224
"US64110D1046","NTAP US",0.00419059050006348,-0.249248738617227,-0.288662023834224
"US64110L1061","NFLX US",0.556363935265126,0.054648794167823,0.580663356261563
"US64110L1061","",0.556363935265126,0.054648794167823,0.580663356261563
"US6516391066","NEM US",-0.705763181202078,-0.672620649922039,-0.634248992652274
"US6516391066","",-0.705763181202078,-0.672620649922039,-0.634248992652274
"US65249B1098","NWSA US",-0.691458519050066,-0.579816172632117,-0.630089342628396
"US65249B1098","",-0.691458519050066,-0.579816172632117,-0.630089342628396
"US65339F1012","",0.523473255341251,0.48952471185016,0.175683903882508
"US65339F1012","NEE US",0.523473255341251,0.48952471185016,0.175683903882508
"US6541061031","",-0.0584192192206243,-0.0414891979025401,-0.0587773146325338
"US6541061031","NKE US",-0.0584192192206243,-0.0414891979025401,-0.0587773146325338
"US65473P1057","",-0.085298049108209,-0.0906765971100323,-0.110533346282629
"US65473P1057","NI US",-0.085298049108209,-0.0906765971100323,-0.110533346282629
"US6558441084","NSC US",-0.874246778538176,-0.880388107422397,-0.878826678300337
"US6558441084","",-0.874246778538176,-0.880388107422397,-0.878826678300337
"US6658591044","NTRS US",-0.40164803297528,-0.462714007742844,-0.430647620248529
"US6658591044","",-0.40164803297528,-0.462714007742844,-0.430647620248529
"US6668071029","",-0.749553763751361,-0.749553763751361,-0.749553763751361
"US6668071029","NOC US",-0.749553763751361,-0.749553763751361,-0.749553763751361
"US6703461052","NUE US",0.559523305617194,0.888510684786347,0.279798119291317
"US6703461052","",0.559523305617194,0.888510684786347,0.279798119291317
"US67066G1040","NVDA US",-0.221556760052235,0.221556760052235,0.221556760052235
"US67066G1040","",-0.221556760052235,0.221556760052235,0.221556760052235
"US67103H1077","",-0.66794529305378,-0.485564782975022,-0.438336012732591
"US67103H1077","ORLY US",-0.66794529305378,-0.485564782975022,-0.438336012732591
"US6745991058","",0.582817044327189,0.585561011046513,0.469914271518362
"US6745991058","OXY US",0.582817044327189,0.585561011046513,0.469914271518362
"US6819191064","OMC US",-0.290161950913104,-0.218230338659141,-0.292251249564847
"US6819191064","",-0.290161950913104,-0.218230338659141,-0.292251249564847
"US6826801036","",0.0846518231079156,0.265015449866045,-0.0159368467078614
"US6826801036","OKE US",0.0846518231079156,0.265015449866045,-0.0159368467078614
"US68389X1054","ORCL US",-0.845051149238377,-0.169572917961594,0.0732682285646276
"US68389X1054","",-0.845051149238377,-0.169572917961594,0.0732682285646276
"US69331C1080","PCG US",0.911443140778058,0.911443140778058,0.911443140778058
"US69331C1080","",0.911443140778058,0.911443140778058,0.911443140778058
"US6934751057","",-0.71494594506256,-0.57003962378337,-0.726320004858996
"US6934751057","PNC US",-0.71494594506256,-0.57003962378337,-0.726320004858996
"US6935061076","",-0.497365491929617,-0.554343144253685,-0.501229668632352
"US6935061076","PPG US",-0.497365491929617,-0.554343144253685,-0.501229668632352
"US69351T1060","",0.070682436013608,0.185097846344223,-0.334696542651064
"US69351T1060","PPL US",0.070682436013608,0.185097846344223,-0.334696542651064
"US69370C1009","PTC US",-0.726042221494843,0.726042221494843,-0.726042221494843
"US6937181088","PCAR US",0.408287348938508,0.83031915254999,-0.779417996153476
"US6937181088","",0.408287348938508,0.83031915254999,-0.779417996153476
"US6951561090","PKG US",-0.628502323186404,0.869430648656903,-0.68867223961858
"US7010941042","PH US",-0.916269255176825,-0.711056514615728,-0.931957440830732
"US7010941042","",-0.916269255176825,-0.711056514615728,-0.931957440830732
"US7043261079","",-0.722194786968721,0.449185736071215,-0.692331737969855
"US7043261079","PAYX US",-0.722194786968721,0.449185736071215,-0.692331737969855
"US70432V1026","PAYC US",-0.0625588856361058,0.260308079419488,-0.456683808308661
"US70450Y1038","PYPL US",0.0546062676853377,-0.503804551928808,0.487343198136412
"US7140461093","",-0.712928515429242,-0.786190974696842,-0.042054358574549
"US7140461093","PKI US",-0.712928515429242,-0.786190974696842,-0.042054358574549
"US7185461040","PSX US",-0.410802919538161,-0.367441597006654,-0.33495292716217
"US7185461040","",-0.410802919538161,-0.367441597006654,-0.33495292716217
"US7234841010","PNW US",-0.518198403887176,-0.496803548445855,0.69142372826808
"US7234841010","",-0.518198403887176,-0.496803548445855,0.69142372826808
"US7237871071","",-0.301013928142493,-0.292168570411849,-0.384031408997968
"US7237871071","PXD US",-0.301013928142493,-0.292168570411849,-0.384031408997968
"US73278L1052","POOL US",-0.819898130651002,-0.819898130651002,-0.819898130651002
"US74144T1088","",-0.607267318970524,0.166699895510239,-0.63674665687312
"US74144T1088","TROW US",-0.607267318970524,0.166699895510239,-0.63674665687312
"US74251V1026","PFG US",-0.800600437964276,-0.80535901812749,-0.774161031579091
"US74251V1026","",-0.800600437964276,-0.80535901812749,-0.774161031579091
"US7433151039","",-0.713343906973629,-0.758875907100725,-0.693421817866925
"US7433151039","PGR US",-0.713343906973629,-0.758875907100725,-0.693421817866925
"US74340W1036","",-0.494776669915053,0.848290587595809,-0.732572127995548
"US74340W1036","PLD US",-0.494776669915053,0.848290587595809,-0.732572127995548
"US7443201022","",-0.235775971759754,-0.205766723090989,-0.234642984097269
"US7443201022","PRU US",-0.235775971759754,-0.205766723090989,-0.234642984097269
"US7445731067","PEG US",-0.348823896777892,-0.501585170888971,0.50322529940609
"US7445731067","",-0.348823896777892,-0.501585170888971,0.50322529940609
"US74460D1090","",-0.554882395655008,-0.559017924111923,-0.545737211058333
"US74460D1090","PSA US",-0.554882395655008,-0.559017924111923,-0.545737211058333
"US7458671010","PHM US",-0.817680722687793,-0.760904405044056,-0.626596343879768
"US7458671010","",-0.817680722687793,-0.760904405044056,-0.626596343879768
"US74736K1016","QRVO US",0.644330741545726,0.6520332131056,-0.66596899786789
"US7475251036","QCOM US",0.298479723588973,0.184579592764358,0.274144491810055
"US7475251036","",0.298479723588973,0.184579592764358,0.274144491810055
"US74762E1029","",-0.747732626194514,-0.758327693491807,-0.675095091599381
"US74762E1029","PWR US",-0.747732626194514,-0.758327693491807,-0.675095091599381
"US74834L1008","DGX US",-0.580430085135064,0.671304273543947,-0.672033985901131
"US74834L1008","",-0.580430085135064,0.671304273543947,-0.672033985901131
"US7512121010","",0.139578625745361,0.088399366990079,0.0369542002873348
"US7512121010","RL US",0.139578625745361,0.088399366990079,0.0369542002873348
"US7547301090","RJF US",-0.423347355851953,-0.457224263689623,-0.335639242703725
"US7561091049","O US",-0.0581507632501905,-0.49358760672659,0.0394179594978505
"US7588491032","REG US",0.102689398367428,0.277128075700341,-0.032412139310883
"US75886F1075","",0.17586445616414,0.192017295614333,-0.420981936242454
"US75886F1075","REGN US",0.17586445616414,0.192017295614333,-0.420981936242454
"US7591EP1005","",-0.0981314869560687,-0.371315756607754,-0.0617843352160243
"US7591EP1005","RF US",-0.0981314869560687,-0.371315756607754,-0.0617843352160243
"US7611521078","RMD US",-0.843719598408057,-0.820916389257889,-0.826885808142482
"US7703231032","",-0.766533560463515,-0.786394946475012,-0.731257493521714
"US7703231032","RHI US",-0.766533560463515,-0.786394946475012,-0.731257493521714
"US7739031091","",-0.716752119586321,-0.800627450412073,-0.649613591764874
"US7739031091","ROK US",-0.716752119586321,-0.800627450412073,-0.649613591764874
"US7757111049","ROL US",-0.290581303029781,0.0593830218722819,-0.0707072382160788
"US7766961061","",-0.160580161984107,-0.319004575949884,0.15895376521821
"US7766961061","ROP US",-0.160580161984107,-0.319004575949884,0.15895376521821
"US7782961038","",-0.264773164247576,-0.216055401005567,-0.210405750476541
"US7782961038","ROST US",-0.264773164247576,-0.216055401005567,-0.210405750476541
"US78409V1044","SPGI US",0.187043227570439,-0.662138875733607,-0.00399803396936825
"US78410G1040","SBAC US",0.179032932851358,0.303215157189734,0.15501763611195
"US79466L3024","CRM US",0.614364452259941,-0.614364452259942,0.614364452259942
"US79466L3024","",0.614364452259941,-0.614364452259942,0.614364452259942
"US8064071025","HSIC US",0.287815307139656,0.329319815835544,0.25568351571547
"US8085131055","",-0.57078283189851,-0.682592190948602,-0.68189074553953
"US8085131055","SCHW US",-0.57078283189851,-0.682592190948602,-0.68189074553953
"US81211K1007","SEE US",-0.221788282032627,-0.418088322481528,-0.0534484725513362
"US81211K1007","",-0.221788282032627,-0.418088322481528,-0.0534484725513362
"US8168511090","SRE US",-0.688997291206926,-0.678284523539045,0.240800915358598
"US8168511090","",-0.688997291206926,-0.678284523539045,0.240800915358598
"US81762P1021","NOW US",0.454082081998107,-0.528069349111927,0.49019862100226
"US8243481061","SHW US",-0.232469498825809,-0.459212065159506,0.108386632751008
"US8243481061","",-0.232469498825809,-0.459212065159506,0.108386632751008
"US8288061091","SPG US",0.593025521123154,-0.00659799983384253,0.628884458339241
"US8288061091","",0.593025521123154,-0.00659799983384253,0.628884458339241
"US83088M1027","SWKS US",-0.0876947422938279,0.177790710984485,-0.588010122495679
"US8318652091","AOS US",-0.219634307526182,-0.452967204242811,0.45122964309063
"US8330341012","SNA US",-0.380192029339341,-0.641509632616457,-0.57370825488232
"US8330341012","",-0.380192029339341,-0.641509632616457,-0.57370825488232
"US8425871071","",-0.681761574295541,-0.647531294923964,0.682019957452763
"US8425871071","SO US",-0.681761574295541,-0.647531294923964,0.682019957452763
"US8447411088","",0.0607333281559927,0.159000402522303,-0.217166506275983
"US8447411088","LUV US",0.0607333281559927,0.159000402522303,-0.217166506275983
"US8545021011","",-0.324103933167173,0.511198987068796,-0.567239200205643
"US8545021011","SWK US",-0.324103933167173,0.511198987068796,-0.567239200205643
"US8552441094","SBUX US",-0.208480344237985,-0.325462179430956,-0.763340873332244
"US8552441094","",-0.208480344237985,-0.325462179430956,-0.763340873332244
"US8574771031","",0.112764088855373,0.364996786512158,-0.0258914084341943
"US8574771031","STT US",0.112764088855373,0.364996786512158,-0.0258914084341943
"US8636671013","",0.442254615956502,-0.231526304793521,0.494742211861187
"US8636671013","SYK US",0.442254615956502,-0.231526304793521,0.494742211861187
"US8716071076","SNPS US",0.868201432721687,-0.907922462778973,0.658865674692302
"US87165B1035","SYF US",-0.532156788423825,-0.519203904232498,-0.529122604687178
"US8725401090","",-0.687194663339175,0.633629939927326,-0.665495696035426
"US8725401090","TJX US",-0.687194663339175,0.633629939927326,-0.665495696035426
"US8740541094","TTWO US",-0.643296284892083,0.199854657339898,-0.707830813713671
"US8760301072","TPR US",-0.00196342748108757,-0.00196342748108755,-0.00196342748108756
"US87612E1064","TGT US",-0.276670552996525,0.0119082604994946,-0.230493602234717
"US87612E1064","",-0.276670552996525,0.0119082604994946,-0.230493602234717
"US8793601050","TDY US",0.320633584401312,-0.320633584401312,0.320633584401312
"US8793691069","TFX US",0.00935486458078777,0.76841472867516,-0.124052116997435
"US8807701029","TER US",1,1,1
"US8807701029","",1,1,1
"US8825081040","TXN US",-0.897635745353903,-0.932128017757974,-0.825827617061684
"US8825081040","",-0.897635745353903,-0.932128017757974,-0.825827617061684
"US8832031012","TXT US",-0.367442817685145,0.449368917093987,-0.582597056220683
"US8832031012","",-0.367442817685145,0.449368917093987,-0.582597056220683
"US8835561023","TMO US",-0.345257474607962,-0.614723794042624,-0.161023867983111
"US8835561023","",-0.345257474607962,-0.614723794042624,-0.161023867983111
"US88579Y1010","",0.147492226580989,0.0493950913660266,0.096591106017233
"US88579Y1010","MMM US",0.147492226580989,0.0493950913660266,0.096591106017233
"US8923561067","TSCO US",-0.575159107186942,-0.381332527980877,-0.459949905846309
"US8923561067","",-0.575159107186942,-0.381332527980877,-0.459949905846309
"US8936411003","TDG US",-0.707105796194737,-0.780916536104455,-0.443902062512176
"US89417E1091","TRV US",-0.674900175963114,-0.695076519737042,-0.650151066003676
"US89417E1091","",-0.674900175963114,-0.695076519737042,-0.650151066003676
"US89832Q1094","TFC US",0.603176310304474,0.624337236504698,0.601352820756734
"US9026531049","UDR US",-0.204980788680351,-0.530367466144173,-0.118348807662031
"US9029733048","",0.272516142015876,-0.0715258960525194,0.257571435606797
"US9029733048","USB US",0.272516142015876,-0.0715258960525194,0.257571435606797
"US90384S3031","ULTA US",-0.620134175572971,0.0299376428669852,-0.437636203231477
"US9078181081","UNP US",-0.206506739583707,-0.148520693782653,-0.321311693891682
"US9078181081","",-0.206506739583707,-0.148520693782653,-0.321311693891682
"US9113121068","",-0.873846695892346,-0.758457279169225,-0.782065942326449
"US9113121068","UPS US",-0.873846695892346,-0.758457279169225,-0.782065942326449
"US9113631090","URI US",0.518883609450939,0.523545047236147,-0.513941247343202
"US91324P1021","",-0.548413629874891,-0.548413629874891,-0.548413629874891
"US91324P1021","UNH US",-0.548413629874891,-0.548413629874891,-0.548413629874891
"US9139031002","UHS US",0.0230763253087143,-0.130826316238548,0.115333167112773
"US9182041080","VFC US",0.428758760069695,0.428758760069695,0.428758760069695
"US9182041080","",0.428758760069695,0.428758760069695,0.428758760069695
"US91913Y1001","",0.0968354022530589,0.0968354022530587,0.0968354022530587
"US91913Y1001","VLO US",0.0968354022530589,0.0968354022530587,0.0968354022530587
"US92276F1003","VTR US",0.100473253856748,-0.227928267737132,0.124771238085081
"US92276F1003","",0.100473253856748,-0.227928267737132,0.124771238085081
"US92343E1029","VRSN US",-0.0559959312493023,0.834681118177965,-0.307463830650822
"US92343E1029","",-0.0559959312493023,0.834681118177965,-0.307463830650822
"US92343V1044","",0.772119214204065,0.749787492334362,0.775369373525605
"US92343V1044","VZ US",0.772119214204065,0.749787492334362,0.775369373525605
"US92345Y1064","VRSK US",-0.171649161908415,0.637512974812186,-0.579481045445201
"US92532F1003","VRTX US",-0.527131168012661,-0.527131168012661,-0.527131168012661
"US92532F1003","",-0.527131168012661,-0.527131168012661,-0.527131168012661
"US92556H2067","VIAC US",-0.106353070890182,-0.265436782310536,-0.0562948705881287
"US92556H2067","PARA US",-0.106353070890182,-0.265436782310536,-0.0562948705881287
"US92826C8394","",-0.0907167992054905,-0.54702780616072,-0.310673311530165
"US92826C8394","V US",-0.0907167992054905,-0.54702780616072,-0.310673311530165
"US9291601097","VMC US",-0.78139609520518,0.403226504264517,-0.727411924675919
"US9291601097","",-0.78139609520518,0.403226504264517,-0.727411924675919
"US9297401088","WAB US",-0.540250084699503,0.81286019742127,-0.808867257233552
"US9311421039","",-0.0884935444614549,0.124020554900148,0.0407674745724807
"US9311421039","WMT US",-0.0884935444614549,0.124020554900148,0.0407674745724807
"US94106L1098","WM US",0.699528737453136,0.718732673549652,0.63948399079664
"US94106L1098","",0.699528737453136,0.718732673549652,0.63948399079664
"US9418481035","WAT US",-0.799849376287655,-0.855433542938329,-0.872531396068037
"US9418481035","",-0.799849376287655,-0.855433542938329,-0.872531396068037
"US9497461015","WFC US",0.477739946020279,-0.17001730572316,0.459111573449224
"US9497461015","",0.477739946020279,-0.17001730572316,0.459111573449224
"US95040Q1040","HCN US",0.383794988301935,0.374872662234183,0.386976116935593
"US95040Q1040","WELL US",0.383794988301935,0.374872662234183,0.386976116935593
"US9553061055","WST US",-0.155493539536297,0.485378641282606,-0.304868119502515
"US9581021055","",-0.521787222297364,-0.521787222297364,-0.521787222297364
"US9581021055","WDC US",-0.521787222297364,-0.521787222297364,-0.521787222297364
"US9621661043","WY US",0.800090669380277,-0.311655490145946,-0.601696826197044
"US9621661043","",0.800090669380277,-0.311655490145946,-0.601696826197044
"US9633201069","",-0.262493194777506,-0.678665720166398,-0.43416618751934
"US9633201069","WHR US",-0.262493194777506,-0.678665720166398,-0.43416618751934
"US9694571004","WMB US",0.565504375039805,0.11071586156295,0.739344741240182
"US9694571004","",0.565504375039805,0.11071586156295,0.739344741240182
"US9831341071","",0.34895046928027,-0.501692713121589,0.378230135610014
"US9831341071","WYNN US",0.34895046928027,-0.501692713121589,0.378230135610014
"US98389B1008","",-0.822029560709637,-0.827708300630698,-0.687605466882413
"US98389B1008","XEL US",-0.822029560709637,-0.827708300630698,-0.687605466882413
"US98419M1009","",-0.537537350938176,-0.619754964194603,-0.563731540240713
"US98419M1009","XYL US",-0.537537350938176,-0.619754964194603,-0.563731540240713
"US9884981013","YUM US",-0.475833648124226,0.126537551235697,-0.476198314152095
"US9884981013","",-0.475833648124226,0.126537551235697,-0.476198314152095
"US9892071054","ZBRA US",0.139517131552019,0.139517131552019,0.139517131552019
"US98956P1021","ZMH US",0.283502685666068,0.175567420711708,0.421709954596097
"US98956P1021","",0.283502685666068,0.175567420711708,0.421709954596097
"US98956P1021","ZBH US",0.283502685666068,0.175567420711708,0.421709954596097
"US9897011071","ZION US",-0.219434326344764,-0.208181033698753,-0.186459612370029
"US9897011071","",-0.219434326344764,-0.208181033698753,-0.186459612370029
"US98978V1035","ZTS US",0.664947897516313,-0.877261634867201,0.774581142033048
"US98978V1035","",0.664947897516313,-0.877261634867201,0.774581142033048
