"ticker","industryAdjustedScore","governancePillarScore","environmentalPillarScore","socialPillarScore"
"A US",-0.0349391776604083,-0.766976938405562,NA,-0.394713113160142
"AAP US",-0.636072388041453,-0.871716491985184,NA,-0.636072388041453
"AAPL US",-0.435472599998476,0.426559789217165,-0.750039109127565,0.435472599998476
"ABBV US",0.669825059235106,0.0414928963916647,0.669825059235106,0.669825059235105
"ABC US",NA,-0.0694375338572383,NA,0.0756694512649978
"ABMD US",NA,-0.57456543515119,-0.711810740464574,0.583349494762954
"ABT US",-0.668918231169792,-0.95407730739717,NA,-0.274303434791394
"ACN US",-0.690990053122804,0.336632557957723,-0.690990053122803,0.591964026205077
"ADBE US",-0.540365761175043,0.109118048407065,-0.874905853586209,-0.826551596531977
"ADI US",-0.482560720268345,-0.403941871944326,-0.574775819609914,-0.482560720268346
"ADM US",0.283027814760305,-0.394559025964054,0.649342802960375,-0.51705849923695
"ADP US",NA,0.435350836728622,NA,-0.23943662026635
"ADSK US",-0.226730296835587,-0.480568951979924,NA,-0.596643582186144
"AEE US",-0.70838517852986,-0.226949735867799,0.122259571982876,-0.21742033984501
"AEP US",0.137317421414825,-0.711496845885916,-0.234910820332079,-0.673570360265564
"AES US",-0.211185908760156,-0.0303477824037201,0.0482109452375873,-0.211185908760156
"AFL US",0.314295496505772,-0.463115597446217,NA,0.314295496505772
"AIG US",NA,-0.745297627560347,-0.493538003163464,0.493538003163464
"AIZ US",-0.50975412240679,-0.54502770175617,0.50975412240679,0.50975412240679
"AJG US",-0.314240426425761,0.526366778792523,0.314240426425761,-0.314240426425761
"AKAM US",-0.674231172703789,-0.896415132984732,-0.920574567552421,-0.630005889520814
"ALB US",-0.10266366076744,0.489103513994975,0.10266366076744,-0.10266366076744
"ALGN US",-0.891151745548808,-0.790420754267842,NA,-0.802711571300341
"ALK US",NA,-0.851638492125646,-0.375402151882645,0.887504069703044
"ALL US",NA,0.202632762238397,0.618748569745789,NA
"ALLE US",-0.790204288518287,-0.865016439734866,0.790204288518287,-0.790204288518287
"AMAT US",0.84821742045121,0.164381671354632,-0.838126258192188,0.0797856206700925
"AMCR US",NA,0.202351764878413,0.00676290874239751,-0.0744010330205635
"AMD US",-0.642289403726521,-0.749646433561648,0.108046278739991,-0.295244928035862
"AME US",-0.848008482213617,-0.1883805773596,-0.863464681086369,-0.874230505177205
"AMGN US",NA,0.579009189838932,NA,NA
"AMP US",-0.108934540788659,-0.636406909173505,NA,0.108934540788659
"AMT US",-0.459369238500926,-0.22768691058163,NA,-0.459369238500926
"AMZN US",-0.388347974292043,-0.958512850792372,-0.388347974292043,0.722065944742591
"ANET US",-0.533200057817679,-0.563222780671215,-0.533200057817679,-0.533200057817679
"ANSS US",0.522696318832229,-0.700029596681944,-0.805944459518488,0.522696318832229
"AOS US",0.412953306298745,-0.885082149143622,0.412953306298745,0.906174385738808
"APD US",NA,-0.5097432782315,0.920073327165378,NA
"APH US",0.502934259832534,-0.189381859287177,-0.502934259832534,0.797058552777962
"APTV US",NA,-0.419344209247283,NA,-0.576127398463267
"ARE US",-0.92186227836662,-0.586354166707023,0.802721568709638,-0.926801745603157
"ATO US",0.419313837293414,0.38905781202222,0.847173004894332,0.419313837293414
"ATVI US",0.160840418397994,0.16347039742188,0.140385796421378,-0.160840418397994
"AVB US",-0.591610595660842,-0.629252240637054,-0.127201864824146,-0.85983278953829
"AVGO US",-0.810607198085513,-0.721452738608428,0.749763740587275,-0.810607198085513
"AVY US",NA,-0.359743296715121,NA,-0.789056817171857
"AWK US",-0.703617538605931,-0.419598218525897,0.777792848839464,0.773480890527493
"AXP US",NA,-0.589803431938931,NA,0.406866179830504
"AZO US",0.59896482776463,0.600250437795124,0.59896482776463,-0.59896482776463
"BA US",-0.523801927202333,-0.566044052629095,0.465096690987167,-0.475925136808087
"BAC US",-0.672732707413541,-0.385121133345914,-0.65264702862637,-0.65264702862637
"BALL US",NA,0.369187813038425,0.902420607572085,0.902420607572085
"BAX US",-0.312893115484081,-0.650853488908575,NA,-0.516288099074138
"BBY US",NA,0.917574782799017,NA,0.917574782799018
"BDX US",-0.632437018402852,-0.522361982148248,NA,-0.316890869210329
"BEN US",-0.55100534738562,-0.675448236917846,-0.862601942904523,0.55100534738562
"BF/B US",0.417318187455285,0.493031925869693,-0.662056617667345,-0.530044065705372
"BIIB US",NA,-0.0131097891361238,NA,-0.414209790227271
"BIO US",-0.747437739306206,-0.793647944743133,-0.620716288473791,0.671951564059698
"BK US",NA,-0.867542772899204,NA,-0.937649026666326
"BKNG US",-0.599785938609183,-0.834895314766176,-0.795002995904495,0.599785938609183
"BLK US",0.670153076828891,-0.217635024276739,NA,-0.543872614210987
"BMY US",0.620423207052215,0.524808870275726,-0.620423207052216,0.575136069903661
"BR US",-0.290290978379003,-0.0492326704601423,NA,-0.530402702577003
"BRO US",NA,0.132940898116362,NA,NA
"BSX US",-0.310730067334323,-0.748534347507417,NA,-0.828478424396604
"BWA US",0.668729828728043,-0.457654418875702,0.668729828728042,0.721614668946081
"BXP US",-0.847576763523751,-0.91260857074754,NA,0.847576763523751
"C US",0.804509232644359,-0.743260660428691,-0.75912936679987,-0.601685188124728
"CAG US",0.419033050602465,-0.155502284029171,-0.0190540345964123,-0.0855399458876883
"CAH US",0.399260050650823,-0.507941725265755,NA,0.549790293907873
"CARR US",NA,-0.823865022048261,-0.794987328635246,NA
"CAT US",NA,-0.604525802796646,NA,-0.30266932691275
"CB US",0.556039886822266,-0.25579120745624,-0.518305338657433,0.532044196864254
"CBOE US",NA,-0.112872039545247,0.207218280255658,NA
"CBRE US",NA,-0.828679832824403,NA,NA
"CCL US",NA,-0.901787589098209,NA,0.738970187862378
"CDNS US",0.436900664598179,0.286358448137619,-0.436900664598179,0.275439707906777
"CDW US",-0.246867907727455,-0.275038701528733,0.299490020521145,-0.44104612459374
"CF US",0.600635468879133,0.486540108204482,0.551689114946516,NA
"CFG US",-0.932062407942872,-0.83609195780391,0.888669066408152,NA
"CHD US",-0.641283424224759,-0.617743517275799,0.698250326832497,0.641283424224759
"CHRW US",-0.191478964438221,-0.155431336571548,-0.420219669264731,-0.191478964438221
"CHTR US",-0.779665622861312,-0.871666096268919,-0.779665622861312,-0.172782169863783
"CI US",0.648109620320552,0.884727815160768,NA,0.775778666669945
"CINF US",NA,-0.832424246998868,NA,NA
"CL US",0.51820678975856,-0.269881995899651,0.399234130951528,0.399234130951528
"CLX US",NA,-0.637981118034454,NA,-0.542873732523422
"CMA US",0.417046004358554,-0.499433591377443,-0.518156194278372,-0.338656892318092
"CMCSA US",-0.805435878758427,-0.38962934293062,NA,-0.842578706441083
"CME US",0.710039757394648,0.576474938631191,NA,-0.710039757394649
"CMG US",0.0506603012020174,-0.0544254187030843,-0.0506603012020174,-0.0848062047868782
"CMI US",NA,-0.0640777762147556,NA,NA
"CMS US",-0.277183211782334,0.278705763406347,0.387108524562678,-0.317278943637128
"CNC US",NA,0.464686180043727,0.462907309096924,0.396123941620998
"CNP US",0.372176053077981,-0.389842566363314,-0.535390007295605,0.372176053077981
"COF US",-0.590186882269804,-0.871065300025194,NA,NA
"COO US",NA,-0.91488527827764,-0.645673756221796,-0.845554348515984
"COP US",0.53560786746781,0.708324319662495,0.440068603988903,NA
"COST US",-0.13267068225193,-0.551882238395621,-0.13267068225193,-0.411821236262554
"CPB US",0.559516902216778,0.793903892678266,0.753122664093767,0.559516902216777
"CPRT US",0.232234668431655,-0.726520056696551,NA,0.232234668431655
"CPT US",NA,-0.827160858814087,NA,NA
"CRL US",-0.322072434911838,-0.808566846326002,NA,-0.412795607973998
"CRM US",-0.902794400836459,0.19402093648636,NA,-0.902794400836458
"CSCO US",0.710136405610716,-0.535654363520518,-0.710136405610716,0.710136405610716
"CSGP US",-1,-1,NA,-1
"CSX US",NA,-0.658314386479603,0.415524576555365,NA
"CTAS US",NA,-0.0549215709775491,0.288975305081671,-0.319716189951064
"CTLT US",-0.598466121445802,-0.559383844908216,0.598466121445802,0.287496843229537
"CTRA US",NA,-0.758006711065642,NA,NA
"CTSH US",-0.444834293048579,-0.957276550787877,-0.804354842201667,0.910356467025005
"CTVA US",NA,0.591946244892347,-0.880137428572366,-0.864917359167387
"CVS US",NA,-0.653592265481043,NA,-0.663717856532775
"CVX US",0.338235415046471,0.317850254316232,0.487966248238277,0.47039563712682
"D US",0.195159355405284,-0.353987934906745,0.566511004247739,0.195159355405284
"DAL US",NA,-0.833511987752732,-0.521991248775105,-0.830444775033124
"DD US",0.382988797902487,-0.923604715839853,-0.0746325091834551,-0.639154917502877
"DE US",-0.571028550686544,-0.603835885215608,-0.601158359200026,-0.619741401190224
"DFS US",NA,-0.696048038019857,NA,-0.522474656697599
"DG US",0.333549653797303,0.100341243089264,0.333549653797303,0.333549653797303
"DGX US",-0.4409338581457,-0.0843944529495205,0.189322306840647,-0.52058062899784
"DHI US",-0.859197451630507,0.755156258138472,0.859197451630507,-0.81449854329331
"DHR US",-0.236266545196036,-0.323640545847407,-0.72155016596924,-0.359198173599132
"DIS US",0.681119261513513,-0.858656030779272,NA,-0.812255413784924
"DISH US",NA,-0.827831279504211,NA,0.84293223939539
"DLR US",-0.740146722394295,-0.720370583082274,NA,-0.800054366538142
"DLTR US",NA,-0.120048098658916,NA,-0.511019938262154
"DOV US",-0.646810772040591,-0.766500706713223,0.646810772040591,-0.283271431016467
"DOW US",NA,-0.810763037395221,0.809240150453456,NA
"DPZ US",NA,0.542594529340485,NA,0.49740327258319
"DRI US",0.526773513286897,-0.638382729514345,0.526773513286897,-0.0279332576367081
"DTE US",0.33362267734187,-0.216284529851636,-0.444633347884833,-0.515754215904188
"DUK US",0.164337210086198,-0.110210666854442,0.352782895045154,0.164337210086198
"DVA US",NA,-0.907201032621486,NA,-0.935959734362361
"DVN US",0.764292494787386,0.0994609647512257,0.528870006702209,0.764292494787386
"DXC US",-0.258755618423097,-0.655226919520665,-0.258755618423097,-0.33866781374676
"DXCM US",-0.851869303093258,-0.864122338119666,NA,0.729664827163668
"EA US",NA,NA,NA,NA
"EBAY US",NA,0.781650535530027,NA,0.840002443330928
"ECL US",NA,-0.611458295650088,0.425380106412195,-0.497810842374691
"ED US",NA,0.339414422931058,-0.405624924785008,NA
"EFX US",NA,-0.672987208186441,-0.545535357798373,NA
"EIX US",NA,NA,NA,NA
"EL US",-0.653294417449246,-0.758899250535319,-0.653294417449247,-0.653294417449247
"ELV US",0.396716455532325,-0.356155614679515,NA,-0.396716455532325
"EMN US",0.205108977293504,-0.118017324229339,0.502354624702974,0.287386351808172
"EMR US",NA,NA,NA,NA
"ENPH US",NA,0.357535846882703,-0.352084633401302,0.352084633401302
"EOG US",0.716575598815341,0.322634555459219,0.639311816455697,0.602038255657875
"EPAM US",0.46391272409492,0.755249115628271,-0.46391272409492,0.46391272409492
"EQIX US",-0.614077113186278,-0.815539633225282,0.550082762807715,0.614077113186278
"EQR US",-0.928780673338343,-0.90108526252389,NA,-0.928780673338343
"EQT US",NA,NA,NA,NA
"ESS US",-0.905819634325307,-0.673675508535834,-0.905819634325306,-0.905819634325306
"ETN US",NA,-0.631430625193348,-0.781365859043108,0.411539461936537
"ETR US",0.330970264632771,-0.121405529992613,0.20129599975311,-0.330970264632771
"EW US",NA,NA,NA,NA
"EXC US",NA,-0.715757575543238,-0.216318262804604,0.592159450133168
"EXPD US",NA,-0.582810883163487,0.586257857738951,-0.265180180496982
"EXPE US",NA,0.611271187707323,-0.64739380609808,0.916548486008627
"EXR US",-0.427210041803299,-0.561889274219854,NA,-0.427210041803299
"F US",-0.333589959204769,-0.572627667316227,-0.263837485779108,-0.759122256092691
"FANG US",0.338699502251581,0.0885414991424904,0.338699502251581,0.338699502251581
"FAST US",0.731104528731263,-0.731104528731263,-0.644073251490428,-0.731104528731263
"FBHS US",NA,-0.174127742028099,-0.851569286354685,NA
"FCX US",-0.855196634128996,-0.904725066882902,-0.671119306236247,-0.914466143461798
"FDS US",NA,0.000149661591698948,NA,NA
"FDX US",-0.357588702929028,-0.613065070941373,NA,NA
"FE US",-0.215623494740664,-0.553980416502325,-0.124585644681056,-0.215623494740664
"FFIV US",NA,-0.768599452825947,-0.170321038585384,0.678900638399979
"FIS US",-0.627155026603103,-0.60645998361121,-0.603679893617883,NA
"FISV US",0.143969949941415,-0.261157597040212,0.143969949941415,0.143969949941415
"FITB US",NA,-0.806737984886209,NA,0.480753889700503
"FMC US",0.438304124139003,-0.761637930470479,0.438304124139003,-0.438304124139003
"FRC US",-0.500837472018305,-0.638475108227752,-0.548117820364057,-0.500837472018305
"FTNT US",NA,-0.953509606657599,-0.567892977118139,-0.525788073473143
"FTV US",-0.0999486421067534,-0.356953978900825,0.356953978900825,-0.0999486421067534
"GD US",0.219412139265166,0.398643610369927,-0.219412139265166,0.120471605085707
"GILD US",-0.370099156237684,-0.265090132918931,NA,-0.370099156237684
"GIS US",0.573859056135008,0.729793194760088,0.760092146328288,0.607038612463309
"GLW US",-0.727612183203182,-0.803179039390234,0.681653744660098,0.607867928909305
"GM US",NA,-0.770737365361313,-0.159536819672758,-0.534615397850388
"GNRC US",-0.700871077625103,0.0461055907108009,-0.700871077625103,-0.636035227962155
"GOOGL US",0.951637045765646,-0.837178467936403,-0.951637045765646,0.956205231566432
"GPC US",0.177877944629357,0.69133787365317,NA,-0.354742323976224
"GPN US",-0.444048263068427,-0.708768066928082,NA,-0.624205727152749
"GPS US",NA,0.670876995354919,NA,NA
"GRMN US",NA,-0.800169211395692,NA,0.493717754848629
"GS US",NA,-0.600345847579268,NA,NA
"GWW US",NA,0.279946219217498,NA,-0.395762594973054
"HAL US",-0.15287702559524,0.490922362982178,0.291434721106552,-0.152877025595239
"HAS US",-0.43359684230577,-0.730267653810638,0.828373084314501,-0.512957137829454
"HBAN US",0.429165510671321,-0.322226737989791,0.708214271195733,-0.429165510671321
"HBI US",NA,NA,NA,NA
"HD US",NA,-0.563179352376698,NA,NA
"HES US",NA,0.729207174506094,-0.316080937374582,0.756568856657668
"HIG US",NA,0.530284888509712,NA,NA
"HII US",NA,0.800052471988519,0.664295307356119,0.782176309376846
"HOLX US",0.42453354063891,-0.682087559178535,NA,-0.0105635618352324
"HON US",NA,-0.640986884671392,-0.297933296387999,-0.39683286472502
"HPE US",-0.826444425186962,-0.827983111922198,-0.0131375894424296,-0.8059824578136
"HPQ US",-0.91117312520477,-0.325918279987616,NA,0.629104099955119
"HRL US",NA,-0.419112822398542,-0.655015532259755,-0.398264852423145
"HSIC US",-0.692020656687276,-0.522039129952157,NA,0.358249124542012
"HST US",-0.171294517911499,-0.143919710737377,0.171294517911499,0.171294517911499
"HSY US",0.67062858417739,0.658667023454866,0.317061427299135,0.676550032978883
"HUM US",0.0390879302647521,0.344412503297878,NA,0.792696745482861
"HWM US",NA,0.275964150144854,0.287784503595873,-0.325947007573007
"IBM US",NA,-0.395676155565799,-0.177788158935695,0.177788158935695
"ICE US",NA,NA,NA,NA
"IDXX US",NA,-0.755027000489584,NA,-0.890243586454297
"IEX US",0.477690937436219,0.272831129489286,0.300706162013009,-0.0846365143978445
"IFF US",-0.942778850273611,-0.956946420826427,0.733040831723932,NA
"ILMN US",NA,-0.861300058701245,NA,-0.818171894110499
"INTC US",-0.853388753185002,-0.416884664848958,0.745241873344125,-0.764554274271642
"INTU US",0.882547816523111,-0.711150130297465,-0.842717931294797,0.842717931294797
"IP US",-0.178086625989926,-0.806828001188157,-0.178086625989926,-0.372019844894936
"IPG US",NA,-0.945376657796734,NA,0.926540045433701
"IQV US",NA,-0.757202620680261,NA,-0.530823562198527
"IR US",-0.355253414927699,-0.478979979049875,0.0205250621372496,-0.295197276017449
"ISRG US",-0.797437511513459,-0.858860714575827,NA,-0.642708356131641
"IT US",NA,-0.477053668837345,-0.0193685481683044,NA
"ITW US",0.376566475952482,-0.391153414607377,-0.507766861074772,-0.893816743430872
"IVZ US",-0.619117366745544,-0.914468866211863,NA,-0.382264172614347
"JBHT US",NA,0.0030428990158685,0.312967775538512,NA
"JCI US",NA,-0.400184235684955,-0.731209850681187,-0.408454701912164
"JKHY US",0.558306838628721,0.577776561995178,0.823548242408451,0.558306838628721
"JNJ US",-0.495587317455032,0.166262584480483,NA,0.494711216637102
"JNPR US",-0.7702992155456,-0.931624819001831,-0.7702992155456,-0.770299215545599
"JPM US",NA,-0.536691280112545,0.412540373027229,-0.537118099852919
"K US",NA,0.777020627662703,0.787596626683954,0.845528772753916
"KDP US",NA,0.829869453856314,NA,NA
"KEY US",0.553457140400976,-0.661777255248489,-0.692165661484198,0.553457140400976
"KEYS US",0.00972604937131253,-0.41499745983168,0.00972604937131254,0.0379453107981384
"KIM US",0.540478114137814,-0.582205391827397,0.540478114137814,-0.540478114137814
"KLAC US",-0.569704264585234,0.0235721950880906,NA,0.569704264585235
"KMB US",NA,-0.452032781028784,NA,NA
"KMI US",0.687864728313057,-0.403618544507054,0.687864728313057,0.687864728313057
"KMX US",NA,-0.73919021499294,NA,NA
"KO US",-0.590386875330292,0.0500655102025731,0.00663577190884212,0.0730225371050033
"KR US",0.353288674148969,-0.353943883986737,-0.181236829530122,-0.494581322707422
"L US",NA,-0.498278738200384,0.017666989034635,-0.217062986969675
"LDOS US",0.226974914380346,0.070898434547565,NA,0.311128379368838
"LEG US",NA,NA,NA,NA
"LEN US",NA,-0.486136561061583,0.692431533410814,-0.582753200284464
"LH US",NA,-0.67232889069542,NA,-0.788702317714518
"LHX US",-0.0552286123560679,-0.0883495746660527,0.0552286123560679,0.00774042976190759
"LIN US",0.745988368588516,0.164815665475661,0.745988368588516,NA
"LKQ US",NA,-0.293882633962787,NA,-0.0591558367463967
"LLY US",NA,NA,NA,NA
"LMT US",0.364379936094013,0.450310051262431,NA,0.348724400385521
"LNC US",0.788217696593568,-0.902607487651396,0.788217696593568,0.788217696593568
"LNT US",NA,-0.0672422064430088,0.106992159585392,NA
"LOW US",NA,0.826450542246497,NA,NA
"LRCX US",NA,-0.775042648894171,0.62295922999078,-0.770501696108577
"LUV US",0.582843990195504,-0.188401490396683,-0.66622029385588,0.76357160162468
"LVS US",0.00913001496387317,-0.233751150253378,0.625341231992171,0.261951324007678
"LW US",-0.697874140464607,0.69035707234203,0.844439997797734,0.573839569322901
"LYB US",NA,-0.661311520691034,-0.761751252730154,NA
"LYV US",0.712206686707988,0.233924089958067,NA,0.822927868344467
"MA US",NA,-0.638935476917681,NA,0.0216397172075623
"MAA US",NA,-0.93485907158849,0.929496892164023,0.929496892164023
"MAR US",NA,-0.640614759461884,-0.463482729366394,0.153129067373663
"MAS US",-0.622840998864428,-0.641490314086973,0.622840998864428,-0.779786859301443
"MCD US",-0.220834132830676,0.14351715246381,-0.124611398829971,0.122621193094795
"MCHP US",NA,-0.668142559743494,NA,NA
"MCK US",NA,0.541569469852358,NA,0.749916429475878
"MCO US",NA,-0.769214673655823,NA,NA
"MDLZ US",-0.573181266440561,-0.682914047820849,-0.00746735918070894,-0.712732117009126
"MDT US",-0.698230090864564,-0.88759946969265,NA,-0.269122588131347
"MET US",0.0182717010104769,-0.102918018085418,0.0182717010104769,-0.0182717010104769
"META US",NA,NA,NA,NA
"MHK US",0.734626940825545,-0.755439689765779,NA,0.740006130528797
"MKC US",0.702460700527025,-0.645895998025538,-0.714839643946015,0.80588088383425
"MKTX US",-0.972390661471656,-0.849863368950239,-0.654917374369289,-0.970013275725818
"MLM US",-0.651394833351964,-0.80295154409405,-0.651394833351964,-0.651394833351964
"MMC US",NA,-0.471172355485389,NA,0.110330072862709
"MMM US",-0.429701463573128,0.307763257844977,-0.429701463573128,-0.57699502804595
"MNST US",-0.0329060663013729,0.550808684994209,0.14628378808455,-0.250700607968489
"MO US",NA,-0.692663593446509,0.810192678710324,0.810192678710324
"MOH US",0.74821961592085,-0.144527390496735,NA,0.460199367799845
"MOS US",NA,0.0617858174427828,NA,-0.717173809483245
"MPC US",0.819155704364701,-0.296562572623052,0.819155704364701,0.819155704364701
"MPWR US",-0.241237659074267,-0.193025826306098,0.241237659074267,-0.241237659074267
"MRK US",NA,0.755887275026503,NA,0.709804450219596
"MRO US",0.40703566038914,0.381246548115544,0.157897393765512,-0.40703566038914
"MS US",-0.628950223918388,-0.643487819569317,NA,0.633247489164938
"MSFT US",-0.747191529232666,-0.747191529232666,-0.539017672206653,-0.0510287354836916
"MSI US",0.502532333286703,-0.00952939708550246,-0.120242825101087,0.254841529197723
"MTB US",0.0667545977148469,0.066754597714847,0.0101326956924753,-0.066754597714847
"MTD US",0.516203203253205,-0.236311984675643,NA,0.516203203253205
"MU US",-0.910871071454011,-0.487256422114933,0.910871071454011,-0.910871071454011
"NCLH US",NA,-0.90491580484919,-0.742715476219386,-0.735468897097488
"NDAQ US",-0.629406951121835,-0.664804602083682,NA,-0.645729721700132
"NDSN US",0.270160257367621,-0.145994013979331,0.172643321530309,0.321857066968349
"NEE US",0.57764705660474,-0.174415231691194,0.228579434922043,0.57764705660474
"NEM US",NA,-0.804250068588547,-0.604289915843176,NA
"NFLX US",-0.225118090661796,-0.54888680493095,NA,-0.217833798515245
"NI US",-0.523120217134824,0.104156946097473,0.477151808586761,0.523120217134824
"NKE US",NA,-0.82805844686566,-0.632004708301109,-0.632004708301109
"NLSN US",0.70287325599199,0.559703139315546,NA,0.604355883863065
"NOC US",-0.782488735637353,0.0681384607546698,0.782488735637353,0.787025871856558
"NOW US",0.503968128366447,0.107552709813737,-0.859514706223959,0.503968128366447
"NRG US",-0.318219320476259,-0.257490830628629,-0.295322318454809,0.31821932047626
"NSC US",0.480810865574166,-0.909027520404313,-0.480810865574166,-0.679730722325689
"NTAP US",-0.475544623391181,-0.649761563935779,0.0661215457262508,-0.465027491895094
"NTRS US",0.774193581758648,-0.869658186624216,NA,0.774193581758648
"NUE US",0.378286840881759,-0.112386264498926,0.250672659373607,0.378286840881759
"NVDA US",0.633171491823299,0.00164545608973278,-0.633171491823299,0.343125940183368
"NVR US",-0.792367259759247,-0.767155482224405,-0.792367259759247,-0.791005087911799
"NWL US",NA,-0.828881338700472,-0.764617165575584,-0.528786508208285
"NWSA US",NA,0.300009851987844,NA,NA
"NXPI US",NA,-0.680288896944333,NA,NA
"O US",NA,-0.172316702542676,-0.408949031608737,0.428924061240276
"ODFL US",-0.36813030971135,-0.708951763001309,-0.758127459159067,0.752254047971306
"OKE US",-0.560109309110365,-0.661905574343633,-0.560109309110365,-0.560109309110365
"OMC US",-0.510076312072245,-0.830631483756765,NA,NA
"ORCL US",NA,-0.677825580593961,NA,0.625581942260684
"ORLY US",0.362548045120242,0.362548045120242,NA,0.311973518174352
"OTIS US",-0.81825295977688,-0.171527456084987,NA,0.81825295977688
"OXY US",0.811057145193911,0.743687546566983,0.811057145193911,0.811057145193911
"PARA US",-0.534435008749347,-0.833840109924303,NA,-0.534435008749346
"PAYC US",0.457110201537531,-0.432274592742041,-0.564662864552499,0.541299305811892
"PAYX US",-0.056259031022191,-0.403589200088253,-0.0399641776164813,-0.0553773111398606
"PCAR US",NA,0.272146866508425,-0.487365426055648,-0.139211315226324
"PCG US",NA,NA,NA,NA
"PEAK US",NA,-0.906804739225626,NA,NA
"PEG US",-0.604683030413665,-0.413557952160377,0.604683030413664,-0.604683030413665
"PENN US",-0.405855208556201,0.337180253913783,0.405855208556201,-0.443044275359506
"PEP US",0.0700404039548744,-0.0720844363049404,0.0160416754604662,0.119878688410755
"PFE US",-0.575116401928051,-0.67321478487572,-0.575116401928051,-0.663163732785295
"PFG US",NA,0.0671714390973126,0.626971268462351,0.191587351870315
"PG US",-0.0322703602841547,-0.0861436829719766,0.0322703602841547,-0.12205674424481
"PGR US",0.411822264298488,0.0791375271874727,-0.411822264298488,-0.411822264298488
"PH US",NA,0.720912363514732,-0.262921885421508,NA
"PHM US",-0.699054506249902,-0.701460523648759,-0.699054506249902,-0.699054506249902
"PKG US",NA,-0.382436527719755,-0.311588634313817,NA
"PKI US",-0.634421920252166,-0.613882506861005,NA,-0.528397717930599
"PLD US",NA,-0.810505629186,0.637664229249265,-0.637664229249265
"PM US",NA,NA,NA,NA
"PNC US",-0.860426684799142,-0.525117942502244,0.420088675888655,-0.84644126097477
"PNR US",NA,-0.787698991290907,NA,NA
"PNW US",0.121701884960522,0.196741462216534,0.0789059941575716,0.121701884960522
"POOL US",-0.720376970677039,-0.801211807827016,-0.720376970677039,-0.720376970677039
"PPG US",-0.714703497361583,-0.830237689349894,-0.0527642264453238,NA
"PPL US",NA,-0.357519881741939,0.341765479346028,NA
"PRU US",-0.334158489420485,-0.849314832092442,-0.252097389781695,-0.547536406130463
"PSA US",NA,-0.787322937420841,NA,0.849514083306452
"PSX US",0.57352857722759,0.517442337793218,0.72026731211767,0.682765308274985
"PTC US",0.166978288183078,-0.109840205894158,0.166978288183078,-0.18135612787825
"PVH US",-0.885524291150853,-0.856069579892035,-0.885524291150853,NA
"PWR US",NA,0.840770836620229,NA,NA
"PXD US",0.720815548265663,0.221237210903393,0.770722203902489,0.720815548265664
"PYPL US",NA,0.0151217666903801,NA,0.542403261213362
"QCOM US",-0.896317531369316,-0.914094124905474,0.717713216795993,0.489079546812615
"QRVO US",-0.560176145910239,-0.607817242033444,-0.402090012193757,0.560176145910239
"RCL US",-0.450791649656671,-0.886184160374095,0.93695000430223,0.0507568156661614
"RE US",0.0559008004945315,-0.528656055266922,-0.0559008004945315,0.0942064220540496
"REG US",-0.826590451089167,-0.825610670605305,0.297260404148529,NA
"REGN US",0.689350673795989,0.089500318289465,NA,-0.548544810944442
"RF US",-0.58600493086097,-0.786825610414711,-0.432287664419998,-0.58600493086097
"RHI US",NA,-0.777046260944233,NA,0.925649026617072
"RJF US",0.423669689673649,-0.603887475450675,0.243550196275543,0.51766387567519
"RL US",0.634955563247424,0.196659583552537,-0.794969060057888,-0.0174344998070239
"RMD US",NA,0.391119663327084,-0.582447789246754,0.525533532750685
"ROK US",-0.234392968488194,-0.0277148423077071,0.673619314789473,-0.0410224874261649
"ROL US",NA,0.305305218902808,NA,NA
"ROP US",NA,-0.883478969086143,NA,NA
"ROST US",0.242358728629019,-0.256054047452575,-0.242358728629019,NA
"RSG US",NA,0.550536945142785,0.415743510442564,0.0259627453334173
"RTX US",-0.296479989017535,0.0712058320237149,0.296479989017535,-0.454242734787424
"SBAC US",-0.440780370765475,-0.587005093671843,NA,-0.441384900685952
"SBNY US",NA,-0.341458492058764,-0.917067787837456,NA
"SBUX US",-0.0253716212226348,-0.477449565833264,-0.650508779835702,-0.315135853130841
"SCHW US",-0.783650882984558,-0.731919221701453,NA,-0.783650882984558
"SEE US",-0.619699765191976,-0.860506385218334,0.250401401009638,-0.619699765191976
"SHW US",NA,-0.743872261282329,NA,NA
"SIVB US",0.861402296895006,-0.915082433942887,-0.868355633449532,-0.861402296895006
"SJM US",NA,0.0399967187422265,-0.0949652244658636,0.500234274450789
"SLB US",NA,0.189290271917632,-0.108970891756635,-0.316763095902842
"SNA US",-0.129513656648674,-0.200934992035829,NA,-0.0762391725419597
"SNPS US",0.263553698527693,0.36813044194113,0.269876980739526,-0.458497467782464
"SO US",NA,0.362801838511911,-0.0142845904574883,-0.36041671793658
"SPG US",NA,-0.924634393717868,NA,-0.712432795240716
"SPGI US",NA,NA,NA,NA
"SRE US",0.10588052978683,0.491643269446902,-0.710532490786838,0.593584064653698
"STE US",NA,-0.665604885088661,-0.721050261690698,0.81595414109844
"STT US",NA,-0.765739503526346,NA,-0.943740345581411
"STZ US",-0.0104734777622452,0.408021323658404,0.131871127143445,-0.146236349136534
"SWK US",0.81297739634429,-0.878953820344613,0.890357543388551,0.812977396344289
"SWKS US",-0.88116760873906,-0.889663128613471,-0.88116760873906,0.88116760873906
"SYF US",NA,-0.929514121711222,NA,-0.901608022538111
"SYK US",-0.523427504231606,-0.983105671767857,0.942106202985873,-0.524843237774873
"SYY US",NA,NA,NA,NA
"T US",-0.672761856650692,-0.765289976375217,NA,-0.539171775983859
"TAP US",0.259359719600255,0.436162395958107,0.28284509897701,-0.310950634017758
"TDG US",0.393932234585265,-0.179516166668399,0.393932234585265,0.564855609262889
"TDY US",NA,NA,NA,NA
"TECH US",-0.650458932168809,-0.738495562765558,NA,0.352467267109208
"TEL US",-0.726303391644449,-0.849893849021395,NA,0.672115130922404
"TER US",-0.880460737208078,-0.712114936955258,NA,-0.880460737208078
"TFC US",0.735607505380957,-0.368258940037205,-0.703502984703482,0.735607505380957
"TFX US",NA,NA,NA,NA
"TGT US",NA,NA,NA,NA
"TJX US",-0.810818682169883,-0.662121270914242,-0.456545930099608,-0.810818682169883
"TMO US",NA,-0.615430637554285,NA,-0.500959297745678
"TPR US",NA,-0.734306226815737,NA,0.88356497251516
"TRGP US",NA,NA,NA,NA
"TRMB US",-0.454699808829932,-0.685278008018013,NA,-0.454699808829932
"TROW US",NA,NA,NA,NA
"TRV US",-0.294496645125667,0.0605609881623466,-0.294496645125667,0.294496645125667
"TSCO US",-0.35027019126316,-0.751654922931211,NA,-0.267932480498164
"TSN US",0.0137500787130645,0.0287899525349158,-0.705541574022479,-0.696825930042473
"TT US",-0.414838255508597,-0.690924266454851,-0.414838255508597,-0.414838255508597
"TTWO US",NA,NA,NA,NA
"TXN US",NA,NA,NA,NA
"TXT US",-0.880372478378401,-0.915850703340364,0.905357099479852,-0.93812698832053
"TYL US",-0.565629893242212,0.565629893242212,NA,NA
"UAA US",NA,-0.447415439366695,NA,NA
"UDR US",-0.649296098437703,-0.792204736695919,-0.649296098437703,-0.649296098437703
"UHS US",0.660081699038842,0.912864172743294,NA,-0.523245703026194
"ULTA US",0.48552328413755,0.373205288700033,0.48552328413755,-0.704025351019659
"UNH US",0.558252516044378,0.67367415956731,NA,0.686056725157737
"UNP US",-0.267779132368629,-0.847403126381505,NA,0.598118645433391
"UPS US",NA,0.461370957278406,NA,0.592683709485855
"URI US",-0.444285696718618,-0.800952645780189,-0.444285696718618,-0.377818658379795
"USB US",-0.531343643164904,-0.589906753135055,-0.727446243000961,-0.531343643164904
"V US",-0.640918210822426,-0.447850537600165,0.128774645540363,-0.640918210822426
"VFC US",-0.544670157010487,-0.670121612432787,-0.544670157010488,-0.383357960310212
"VLO US",-0.833149423992506,-0.74382415057413,0.833149423992506,-0.293295261055257
"VMC US",NA,-0.87181965276714,-0.752507812255773,-0.752507812255773
"VNO US",-0.914738653641351,-0.919216878662814,-0.914738653641351,NA
"VRSK US",NA,-0.638585328497967,NA,NA
"VRSN US",-0.452736695723087,-0.525570610302018,NA,-0.452736695723087
"VRTX US",-0.7876483182674,0.822288370667919,-0.7876483182674,-0.849786554370331
"VTR US",0.0414771067980634,-0.480750451395727,0.0414771067980634,0.0414771067980634
"VZ US",-0.495392540947183,-0.645286776347843,NA,NA
"WAB US",-0.598088013280489,-0.547844857167712,0.59808801328049,-0.598088013280489
"WAT US",NA,-0.767748399995909,NA,NA
"WDC US",-0.782408174006042,-0.794639067662048,-0.359088996298848,-0.442962001340218
"WELL US",NA,-0.825760322613129,NA,NA
"WFC US",0.825741115894377,-0.81576455339137,0.55710712802306,0.422263858843881
"WHR US",NA,-0.911319904098527,0.8522845582674,-0.847462438093875
"WM US",0.323560486629245,0.357502088682162,-0.293718869917399,0.323560486629245
"WMB US",0.439659889552588,0.326470509402914,0.439659889552588,-0.439659889552588
"WMT US",-0.0777924132923009,0.319780379876667,-0.563919699364549,-0.767286538759772
"WRB US",0.309142094872117,-0.576808560481978,-0.309142094872117,0.445369935663516
"WST US",0.603948985849804,-0.477807815161016,NA,-0.0840341545563061
"WTW US",-0.159831368560841,-0.631070303696632,0.64082196424965,0.78477068415344
"WU US",NA,NA,NA,NA
"WY US",0.210298552150673,-0.84374100486887,-0.76769801227885,0.210298552150673
"WYNN US",-0.379419056379348,0.146501680832932,-0.379419056379348,0.767677650103482
"XEL US",-0.033305540684133,0.0934282403898938,-0.040966643998325,-0.033305540684133
"XOM US",0.781001805859587,0.846274706497957,0.781001805859587,-0.687873337583281
"XRAY US",NA,-0.771154535774582,-0.609605521660252,0.779800082506867
"XYL US",-0.0154933115098923,0.538673328442743,0.0154933115098923,NA
"YUM US",-0.417787085339978,-0.877782296372798,-0.417787085339978,-0.0866916639015015
"ZBH US",NA,-0.942543216532671,NA,NA
"ZBRA US",0.496973211799685,-0.634364745977206,-0.54156098268041,0.54156098268041
"ZION US",NA,-0.864558063936296,-0.405885796721934,0.773247906492313
"ZTS US",-0.831967635986011,-0.701394001143446,-0.831967635986011,-0.813540380233699
